Transaction_ID,Timestamp,sender,receiver,Amount,Fraud
TX000001,2026-09-21 09:00:00,ACC1327,ACC1057,74180.89,0
TX000002,2026-09-21 09:00:01,ACC1071,ACC1377,67702.28,0
TX000003,2026-09-21 09:00:08,ACC1044,ACC1302,3275.09,0
TX000004,2026-09-21 09:00:15,ACC1119,ACC1258,2750.94,0
TX000005,2026-09-21 09:00:20,ACC1332,ACC1359,42010.03,0
TX000006,2026-09-21 09:00:05,ACC1142,ACC1414,75904.86,0
TX000007,2026-09-21 09:00:18,ACC1216,ACC1174,15632.4,0
TX000008,2026-09-21 09:00:07,ACC1172,ACC1052,38054.74,0
TX000009,2026-09-21 09:00:24,ACC1176,ACC1309,80732.11,0
TX000010,2026-09-21 09:00:36,ACC1274,ACC1063,7972.14,0
TX000011,2026-09-21 09:00:30,ACC1321,ACC1316,57777.48,0
TX000012,2026-09-21 09:00:22,ACC1023,ACC1338,77329.53,0
TX000013,2026-09-21 09:00:12,ACC1437,ACC1119,38074.61,0
TX000014,2026-09-21 09:00:26,ACC1427,ACC1186,37081.08,0
TX000015,2026-09-21 09:00:14,ACC1136,ACC1359,60952.19,0
TX000016,2026-09-21 09:00:30,ACC1373,ACC1125,46279.8,0
TX000017,2026-09-21 09:01:20,ACC1473,ACC1327,22039.56,0
TX000018,2026-09-21 09:00:17,ACC1393,ACC1397,22981.9,1
TX000019,2026-09-21 09:00:54,ACC1161,ACC1205,6712.24,0
TX000020,2026-09-21 09:00:57,ACC1290,ACC1448,21341.39,0
TX000021,2026-09-21 09:01:20,ACC1452,ACC1468,14372.87,0
TX000022,2026-09-21 09:01:45,ACC1381,ACC1287,26347.89,0
TX000023,2026-09-21 09:01:28,ACC1459,ACC1298,36263.44,0
TX000024,2026-09-21 09:01:32,ACC1070,ACC1260,9181.85,0
TX000025,2026-09-21 09:00:48,ACC1056,ACC1078,79228.73,0
TX000026,2026-09-21 09:01:40,ACC1032,ACC1197,59629.25,0
TX000027,2026-09-21 09:02:10,ACC1128,ACC1497,86091.89,1
TX000028,2026-09-21 09:02:15,ACC1369,ACC1058,75112.69,0
TX000029,2026-09-21 09:01:24,ACC1174,ACC1057,43533.05,0
TX000030,2026-09-21 09:01:27,ACC1488,ACC1369,97191.62,0
TX000031,2026-09-21 09:00:30,ACC1259,ACC1467,87064.81,0
TX000032,2026-09-21 09:02:35,ACC1327,ACC1259,19971.22,0
TX000033,2026-09-21 09:02:40,ACC1082,ACC1276,91857.5,0
TX000034,2026-09-21 09:00:33,ACC1250,ACC1009,92916.95,0
TX000035,2026-09-21 09:01:42,ACC1425,ACC1413,24021.29,0
TX000036,2026-09-21 09:00:35,ACC1290,ACC1484,8656.78,0
TX000037,2026-09-21 09:03:00,ACC1035,ACC1389,76606.86,0
TX000038,2026-09-21 09:03:05,ACC1243,ACC1484,16596.18,0
TX000039,2026-09-21 09:01:16,ACC1310,ACC1216,92898.46,0
TX000040,2026-09-21 09:01:57,ACC1353,ACC1102,39959.33,0
TX000041,2026-09-21 09:03:20,ACC1191,ACC1224,45203.47,0
TX000042,2026-09-21 09:00:41,ACC1032,ACC1173,58872.04,0
TX000043,2026-09-21 09:00:42,ACC1112,ACC1003,70813.31,1
TX000044,2026-09-21 09:00:43,ACC1034,ACC1463,85977.58,1
TX000045,2026-09-21 09:02:56,ACC1121,ACC1142,21502.26,0
TX000046,2026-09-21 09:03:45,ACC1478,ACC1451,57663.54,0
TX000047,2026-09-21 09:03:04,ACC1242,ACC1413,19121.95,0
TX000048,2026-09-21 09:03:08,ACC1220,ACC1181,41169.12,0
TX000049,2026-09-21 09:00:48,ACC1027,ACC1344,6155.21,0
TX000050,2026-09-21 09:00:49,ACC1409,ACC1441,24940.77,0
TX000051,2026-09-21 09:03:20,ACC1229,ACC1071,18430.45,0
TX000052,2026-09-21 09:00:51,ACC1447,ACC1472,44368.76,0
TX000053,2026-09-21 09:00:52,ACC1281,ACC1050,65249.27,0
TX000054,2026-09-21 09:00:53,ACC1007,ACC1496,92644.06,0
TX000055,2026-09-21 09:03:36,ACC1085,ACC1208,48187.71,0
TX000056,2026-09-21 09:01:50,ACC1462,ACC1030,37959.41,0
TX000057,2026-09-21 09:03:44,ACC1135,ACC1474,28596.4,0
TX000058,2026-09-21 09:04:45,ACC1374,ACC1401,66220.94,0
TX000059,2026-09-21 09:01:56,ACC1097,ACC1151,96874.07,0
TX000060,2026-09-21 09:02:57,ACC1277,ACC1031,5810.81,0
TX000061,2026-09-21 09:05:00,ACC1257,ACC1470,15827.53,0
TX000062,2026-09-21 09:02:02,ACC1041,ACC1435,6945.28,0
TX000063,2026-09-21 09:04:08,ACC1441,ACC1120,12076.67,0
TX000064,2026-09-21 09:05:15,ACC1126,ACC1296,4070.19,0
TX000065,2026-09-21 09:05:20,ACC1336,ACC1298,52325.99,0
TX000066,2026-09-21 09:03:15,ACC1104,ACC1342,23944.73,0
TX000067,2026-09-21 09:03:18,ACC1343,ACC1330,45776.73,0
TX000068,2026-09-21 09:01:07,ACC1479,ACC1037,45882.72,0
TX000069,2026-09-21 09:05:40,ACC1051,ACC1037,21394.12,0
TX000070,2026-09-21 09:01:09,ACC1477,ACC1178,87939.1,0
TX000071,2026-09-21 09:05:50,ACC1080,ACC1224,70383.64,0
TX000072,2026-09-21 09:05:55,ACC1413,ACC1334,881.53,0
TX000073,2026-09-21 09:01:12,ACC1153,ACC1477,93899.11,0
TX000074,2026-09-21 09:01:13,ACC1059,ACC1455,74267.43,0
TX000075,2026-09-21 09:02:28,ACC1144,ACC1309,71789.46,0
TX000076,2026-09-21 09:03:45,ACC1324,ACC1436,50590.36,0
TX000077,2026-09-21 09:01:16,ACC1464,ACC1433,9320.62,0
TX000078,2026-09-21 09:01:17,ACC1141,ACC1022,33422.3,0
TX000079,2026-09-21 09:05:12,ACC1134,ACC1082,55212.87,0
TX000080,2026-09-21 09:01:19,ACC1004,ACC1057,94510.59,0
TX000081,2026-09-21 09:01:20,ACC1076,ACC1279,83476.04,0
TX000082,2026-09-21 09:02:42,ACC1075,ACC1220,4278.7,0
TX000083,2026-09-21 09:01:22,ACC1477,ACC1407,89902.57,0
TX000084,2026-09-21 09:01:23,ACC1127,ACC1341,35432.5,0
TX000085,2026-09-21 09:07:00,ACC1447,ACC1208,74972.81,0
TX000086,2026-09-21 09:02:50,ACC1121,ACC1442,97622.98,0
TX000087,2026-09-21 09:01:26,ACC1451,ACC1211,18018.13,0
TX000088,2026-09-21 09:05:48,ACC1400,ACC1476,80243.29,0
TX000089,2026-09-21 09:04:24,ACC1415,ACC1127,16003.86,0
TX000090,2026-09-21 09:01:29,ACC1195,ACC1446,85873.47,0
TX000091,2026-09-21 09:06:00,ACC1418,ACC1470,35030.88,0
TX000092,2026-09-21 09:03:02,ACC1446,ACC1116,2464.08,0
TX000093,2026-09-21 09:01:32,ACC1168,ACC1142,96692.22,0
TX000094,2026-09-21 09:06:12,ACC1328,ACC1260,67983.86,0
TX000095,2026-09-21 09:01:34,ACC1169,ACC1480,11622.64,0
TX000096,2026-09-21 09:04:45,ACC1091,ACC1297,3921.89,0
TX000097,2026-09-21 09:04:48,ACC1176,ACC1373,43695.75,0
TX000098,2026-09-21 09:08:05,ACC1059,ACC1197,19088.87,0
TX000099,2026-09-21 09:08:10,ACC1223,ACC1000,92564.96,0
TX000100,2026-09-21 09:03:18,ACC1368,ACC1481,36485.73,0
TX000101,2026-09-21 09:05:00,ACC1340,ACC1471,62353.23,0
TX000102,2026-09-21 09:05:03,ACC1063,ACC1368,50761.54,0
TX000103,2026-09-21 09:05:06,ACC1167,ACC1206,55485.81,0
TX000104,2026-09-21 09:06:52,ACC1340,ACC1481,67764.06,0
TX000105,2026-09-21 09:05:12,ACC1315,ACC1291,40666.91,0
TX000106,2026-09-21 09:03:30,ACC1155,ACC1146,43045.83,0
TX000107,2026-09-21 09:07:04,ACC1335,ACC1164,44234.42,0
TX000108,2026-09-21 09:03:34,ACC1261,ACC1242,65919.19,0
TX000109,2026-09-21 09:09:00,ACC1339,ACC1324,33585.31,0
TX000110,2026-09-21 09:05:27,ACC1384,ACC1120,22541.6,0
TX000111,2026-09-21 09:03:40,ACC1012,ACC1023,98395.21,0
TX000112,2026-09-21 09:07:24,ACC1393,ACC1037,41502.66,0
TX000113,2026-09-21 09:07:28,ACC1099,ACC1367,49488.28,0
TX000114,2026-09-21 09:01:53,ACC1335,ACC1352,89276.72,0
TX000115,2026-09-21 09:07:36,ACC1453,ACC1054,21962.23,0
TX000116,2026-09-21 09:07:40,ACC1356,ACC1265,5116.82,0
TX000117,2026-09-21 09:07:44,ACC1434,ACC1062,13420.58,0
TX000118,2026-09-21 09:09:45,ACC1271,ACC1286,31798.07,0
TX000119,2026-09-21 09:09:50,ACC1226,ACC1313,42731.4,0
TX000120,2026-09-21 09:03:58,ACC1228,ACC1459,74391.18,0
TX000121,2026-09-21 09:04:00,ACC1132,ACC1384,84002.3,0
TX000122,2026-09-21 09:08:04,ACC1398,ACC1266,62712.17,0
TX000123,2026-09-21 09:06:06,ACC1039,ACC1365,23525.91,0
TX000124,2026-09-21 09:02:03,ACC1457,ACC1276,13923.57,0
TX000125,2026-09-21 09:04:08,ACC1355,ACC1078,6516.46,0
TX000126,2026-09-21 09:08:20,ACC1277,ACC1238,6320.34,0
TX000127,2026-09-21 09:10:30,ACC1199,ACC1463,94611.6,1
TX000128,2026-09-21 09:10:35,ACC1450,ACC1391,38100.06,1
TX000129,2026-09-21 09:08:32,ACC1180,ACC1152,85359.45,0
TX000130,2026-09-21 09:10:45,ACC1214,ACC1275,80006.83,0
TX000131,2026-09-21 09:06:30,ACC1249,ACC1112,43640.01,1
TX000132,2026-09-21 09:08:44,ACC1172,ACC1342,72445.72,0
TX000133,2026-09-21 09:11:00,ACC1470,ACC1065,53458.95,0
TX000134,2026-09-21 09:02:13,ACC1303,ACC1288,8486.35,0
TX000135,2026-09-21 09:04:28,ACC1443,ACC1236,5123.43,0
TX000136,2026-09-21 09:06:45,ACC1108,ACC1232,33816.3,0
TX000137,2026-09-21 09:09:04,ACC1142,ACC1385,25301.93,0
TX000138,2026-09-21 09:11:25,ACC1009,ACC1383,5303.35,0
TX000139,2026-09-21 09:02:18,ACC1114,ACC1332,78145.18,0
TX000140,2026-09-21 09:04:38,ACC1386,ACC1015,20016.13,1
TX000141,2026-09-21 09:04:40,ACC1078,ACC1122,47408.75,0
TX000142,2026-09-21 09:09:24,ACC1485,ACC1111,69976.55,0
TX000143,2026-09-21 09:11:50,ACC1085,ACC1310,96377.1,0
TX000144,2026-09-21 09:04:46,ACC1398,ACC1419,96475.61,1
TX000145,2026-09-21 09:07:12,ACC1013,ACC1475,57622.09,0
TX000146,2026-09-21 09:04:50,ACC1192,ACC1203,7692.05,0
TX000147,2026-09-21 09:02:26,ACC1321,ACC1124,69749.58,0
TX000148,2026-09-21 09:02:27,ACC1350,ACC1307,79643.1,0
TX000149,2026-09-21 09:12:20,ACC1021,ACC1177,42894.96,0
TX000150,2026-09-21 09:07:27,ACC1259,ACC1331,1363.95,0
TX000151,2026-09-21 09:10:00,ACC1250,ACC1054,96082.68,0
TX000152,2026-09-21 09:05:02,ACC1424,ACC1235,43605.17,0
TX000153,2026-09-21 09:07:36,ACC1494,ACC1333,61629.64,0
TX000154,2026-09-21 09:10:12,ACC1396,ACC1247,43613.89,0
TX000155,2026-09-21 09:05:08,ACC1137,ACC1165,83090.03,1
TX000156,2026-09-21 09:05:10,ACC1451,ACC1230,75072.58,0
TX000157,2026-09-21 09:07:48,ACC1342,ACC1194,2967.13,0
TX000158,2026-09-21 09:05:14,ACC1093,ACC1249,35547.01,0
TX000159,2026-09-21 09:13:10,ACC1143,ACC1450,70148.26,0
TX000160,2026-09-21 09:05:18,ACC1005,ACC1264,8652.73,0
TX000161,2026-09-21 09:05:20,ACC1250,ACC1284,69091.87,0
TX000162,2026-09-21 09:02:41,ACC1251,ACC1229,9396.03,0
TX000163,2026-09-21 09:08:06,ACC1354,ACC1124,66429.61,0
TX000164,2026-09-21 09:08:09,ACC1283,ACC1271,42607.83,0
TX000165,2026-09-21 09:10:56,ACC1169,ACC1180,27164.55,0
TX000166,2026-09-21 09:05:30,ACC1061,ACC1369,31623.24,0
TX000167,2026-09-21 09:05:32,ACC1486,ACC1390,19234.94,0
TX000168,2026-09-21 09:13:55,ACC1141,ACC1370,97663.04,0
TX000169,2026-09-21 09:05:36,ACC1144,ACC1051,29695.02,0
TX000170,2026-09-21 09:14:05,ACC1154,ACC1007,12745.64,0
TX000171,2026-09-21 09:08:30,ACC1027,ACC1283,69772.0,0
TX000172,2026-09-21 09:11:24,ACC1444,ACC1385,10348.51,1
TX000173,2026-09-21 09:11:28,ACC1145,ACC1240,44102.83,0
TX000174,2026-09-21 09:11:32,ACC1026,ACC1129,11497.31,0
TX000175,2026-09-21 09:14:30,ACC1251,ACC1037,62981.63,1
TX000176,2026-09-21 09:14:35,ACC1076,ACC1415,94917.65,1
TX000177,2026-09-21 09:14:40,ACC1127,ACC1060,76467.9,0
TX000178,2026-09-21 09:05:54,ACC1404,ACC1316,77591.78,0
TX000179,2026-09-21 09:08:54,ACC1465,ACC1226,86030.65,0
TX000180,2026-09-21 09:14:55,ACC1156,ACC1291,6117.01,0
TX000181,2026-09-21 09:06:00,ACC1050,ACC1485,62588.95,0
TX000182,2026-09-21 09:06:02,ACC1041,ACC1080,17463.97,0
TX000183,2026-09-21 09:12:08,ACC1001,ACC1209,68968.18,0
TX000184,2026-09-21 09:09:09,ACC1016,ACC1118,70724.89,0
TX000185,2026-09-21 09:06:08,ACC1232,ACC1036,92398.71,0
TX000186,2026-09-21 09:06:10,ACC1320,ACC1301,42571.38,0
TX000187,2026-09-21 09:09:18,ACC1331,ACC1076,82680.45,1
TX000188,2026-09-21 09:09:21,ACC1084,ACC1405,59544.9,0
TX000189,2026-09-21 09:12:32,ACC1471,ACC1147,12522.93,0
TX000190,2026-09-21 09:09:27,ACC1358,ACC1206,50097.17,0
TX000191,2026-09-21 09:03:10,ACC1041,ACC1306,88953.35,0
TX000192,2026-09-21 09:03:11,ACC1309,ACC1128,9223.56,0
TX000193,2026-09-21 09:16:00,ACC1428,ACC1440,58753.58,1
TX000194,2026-09-21 09:09:39,ACC1391,ACC1344,57667.07,0
TX000195,2026-09-21 09:16:10,ACC1089,ACC1240,65185.8,0
TX000196,2026-09-21 09:13:00,ACC1092,ACC1299,63514.99,0
TX000197,2026-09-21 09:09:48,ACC1046,ACC1240,40893.97,0
TX000198,2026-09-21 09:06:34,ACC1053,ACC1439,33047.39,0
TX000199,2026-09-21 09:13:12,ACC1147,ACC1339,81375.25,0
TX000200,2026-09-21 09:09:57,ACC1232,ACC1045,25314.65,0
TX000201,2026-09-21 09:16:40,ACC1395,ACC1206,82510.23,1
TX000202,2026-09-21 09:13:24,ACC1445,ACC1277,41383.43,0
TX000203,2026-09-21 09:13:28,ACC1185,ACC1318,62578.33,0
TX000204,2026-09-21 09:16:55,ACC1104,ACC1136,13188.22,0
TX000205,2026-09-21 09:13:36,ACC1450,ACC1357,12230.47,0
TX000206,2026-09-21 09:06:50,ACC1311,ACC1409,71007.3,0
TX000207,2026-09-21 09:13:44,ACC1007,ACC1282,9411.6,0
TX000208,2026-09-21 09:13:48,ACC1467,ACC1058,94711.37,0
TX000209,2026-09-21 09:10:24,ACC1078,ACC1255,50936.31,0
TX000210,2026-09-21 09:13:56,ACC1427,ACC1247,24448.72,0
TX000211,2026-09-21 09:17:30,ACC1196,ACC1097,50873.27,0
TX000212,2026-09-21 09:10:33,ACC1442,ACC1035,77290.25,0
TX000213,2026-09-21 09:17:40,ACC1174,ACC1478,26790.55,1
TX000214,2026-09-21 09:17:45,ACC1371,ACC1152,58034.35,0
TX000215,2026-09-21 09:14:16,ACC1443,ACC1076,53904.2,0
TX000216,2026-09-21 09:17:55,ACC1282,ACC1390,37783.28,0
TX000217,2026-09-21 09:07:12,ACC1445,ACC1096,57222.58,0
TX000218,2026-09-21 09:03:37,ACC1397,ACC1210,31885.82,0
TX000219,2026-09-21 09:14:32,ACC1467,ACC1415,38669.27,0
TX000220,2026-09-21 09:07:18,ACC1420,ACC1333,49583.33,1
TX000221,2026-09-21 09:18:20,ACC1257,ACC1494,33266.27,0
TX000222,2026-09-21 09:03:41,ACC1432,ACC1225,52642.51,0
TX000223,2026-09-21 09:14:48,ACC1369,ACC1073,87106.2,0
TX000224,2026-09-21 09:11:09,ACC1038,ACC1240,33922.27,0
TX000225,2026-09-21 09:11:12,ACC1332,ACC1041,85248.9,0
TX000226,2026-09-21 09:11:15,ACC1194,ACC1488,62717.24,0
TX000227,2026-09-21 09:18:50,ACC1249,ACC1446,3686.32,0
TX000228,2026-09-21 09:11:21,ACC1323,ACC1350,99742.85,0
TX000229,2026-09-21 09:03:48,ACC1222,ACC1050,44423.49,0
TX000230,2026-09-21 09:03:49,ACC1462,ACC1014,32505.03,0
TX000231,2026-09-21 09:15:20,ACC1183,ACC1191,14642.42,0
TX000232,2026-09-21 09:07:42,ACC1289,ACC1349,17081.37,0
TX000233,2026-09-21 09:19:20,ACC1445,ACC1195,68345.14,0
TX000234,2026-09-21 09:07:46,ACC1298,ACC1073,46168.88,0
TX000235,2026-09-21 09:03:54,ACC1130,ACC1341,89900.96,0
TX000236,2026-09-21 09:19:35,ACC1147,ACC1346,15881.76,0
TX000237,2026-09-21 09:11:48,ACC1176,ACC1300,63929.98,0
TX000238,2026-09-21 09:11:51,ACC1128,ACC1233,20001.78,0
TX000239,2026-09-21 09:07:56,ACC1247,ACC1054,38198.29,0
TX000240,2026-09-21 09:11:57,ACC1151,ACC1358,2291.77,0
TX000241,2026-09-21 09:04:00,ACC1202,ACC1140,56636.31,0
TX000242,2026-09-21 09:04:01,ACC1381,ACC1498,91070.63,0
TX000243,2026-09-21 09:12:06,ACC1426,ACC1462,77596.52,0
TX000244,2026-09-21 09:08:06,ACC1410,ACC1180,63698.13,0
TX000245,2026-09-21 09:08:08,ACC1347,ACC1386,62861.99,0
TX000246,2026-09-21 09:12:15,ACC1330,ACC1020,78882.19,1
TX000247,2026-09-21 09:08:12,ACC1186,ACC1374,9104.32,0
TX000248,2026-09-21 09:08:14,ACC1382,ACC1212,20159.4,0
TX000249,2026-09-21 09:12:24,ACC1448,ACC1497,53132.15,0
TX000250,2026-09-21 09:12:27,ACC1425,ACC1084,91413.49,0
TX000251,2026-09-21 09:12:30,ACC1495,ACC1412,74681.28,0
TX000252,2026-09-21 09:04:11,ACC1058,ACC1239,14161.63,0
TX000253,2026-09-21 09:16:48,ACC1440,ACC1346,96730.25,0
TX000254,2026-09-21 09:16:52,ACC1187,ACC1046,1490.47,0
TX000255,2026-09-21 09:12:42,ACC1232,ACC1188,58497.55,0
TX000256,2026-09-21 09:04:15,ACC1481,ACC1190,67516.17,0
TX000257,2026-09-21 09:21:20,ACC1317,ACC1452,32867.83,0
TX000258,2026-09-21 09:17:08,ACC1331,ACC1032,90947.83,0
TX000259,2026-09-21 09:08:36,ACC1209,ACC1059,4630.15,0
TX000260,2026-09-21 09:04:19,ACC1252,ACC1059,23556.52,0
TX000261,2026-09-21 09:13:00,ACC1198,ACC1232,67081.57,0
TX000262,2026-09-21 09:17:24,ACC1484,ACC1276,58775.3,0
TX000263,2026-09-21 09:04:22,ACC1453,ACC1212,83385.94,0
TX000264,2026-09-21 09:13:09,ACC1480,ACC1487,3368.36,0
TX000265,2026-09-21 09:08:48,ACC1227,ACC1486,85559.47,1
TX000266,2026-09-21 09:22:05,ACC1351,ACC1188,90179.45,0
TX000267,2026-09-21 09:13:18,ACC1031,ACC1203,19061.88,0
TX000268,2026-09-21 09:17:48,ACC1434,ACC1421,9258.18,0
TX000269,2026-09-21 09:04:28,ACC1327,ACC1305,5152.79,0
TX000270,2026-09-21 09:22:25,ACC1064,ACC1402,20600.04,0
TX000271,2026-09-21 09:22:30,ACC1283,ACC1106,21673.54,0
TX000272,2026-09-21 09:09:02,ACC1168,ACC1396,78885.51,0
TX000273,2026-09-21 09:09:04,ACC1141,ACC1439,98753.98,0
TX000274,2026-09-21 09:04:33,ACC1408,ACC1089,66139.66,1
TX000275,2026-09-21 09:09:08,ACC1007,ACC1183,58926.41,1
TX000276,2026-09-21 09:09:10,ACC1135,ACC1026,74197.63,0
TX000277,2026-09-21 09:18:24,ACC1381,ACC1032,44882.69,0
TX000278,2026-09-21 09:18:28,ACC1303,ACC1055,50433.49,0
TX000279,2026-09-21 09:23:10,ACC1022,ACC1372,30232.87,0
TX000280,2026-09-21 09:18:36,ACC1015,ACC1031,84745.12,0
TX000281,2026-09-21 09:18:40,ACC1055,ACC1251,7441.72,0
TX000282,2026-09-21 09:04:41,ACC1311,ACC1075,12706.54,0
TX000283,2026-09-21 09:14:06,ACC1299,ACC1280,38152.35,0
TX000284,2026-09-21 09:23:35,ACC1150,ACC1232,60582.14,0
TX000285,2026-09-21 09:23:40,ACC1359,ACC1058,72111.91,0
TX000286,2026-09-21 09:09:30,ACC1231,ACC1454,41439.98,0
TX000287,2026-09-21 09:04:46,ACC1204,ACC1212,31323.58,0
TX000288,2026-09-21 09:09:34,ACC1130,ACC1191,68713.42,0
TX000289,2026-09-21 09:04:48,ACC1046,ACC1425,9413.69,0
TX000290,2026-09-21 09:09:38,ACC1378,ACC1190,55681.44,0
TX000291,2026-09-21 09:04:50,ACC1287,ACC1168,41139.78,0
TX000292,2026-09-21 09:19:24,ACC1481,ACC1384,86822.41,0
TX000293,2026-09-21 09:24:20,ACC1495,ACC1147,31313.65,0
TX000294,2026-09-21 09:09:46,ACC1259,ACC1108,65707.96,0
TX000295,2026-09-21 09:24:30,ACC1055,ACC1179,36819.35,0
TX000296,2026-09-21 09:19:40,ACC1293,ACC1115,84531.0,0
TX000297,2026-09-21 09:24:40,ACC1419,ACC1318,67530.17,0
TX000298,2026-09-21 09:14:51,ACC1311,ACC1475,2992.42,0
TX000299,2026-09-21 09:14:54,ACC1390,ACC1158,35167.24,0
TX000300,2026-09-21 09:19:56,ACC1073,ACC1289,7051.58,0
TX000301,2026-09-21 09:05:00,ACC1497,ACC1015,74636.57,0
TX000302,2026-09-21 09:15:03,ACC1214,ACC1232,15825.19,0
TX000303,2026-09-21 09:25:10,ACC1166,ACC1397,59662.75,0
TX000304,2026-09-21 09:25:15,ACC1079,ACC1080,5071.27,0
TX000305,2026-09-21 09:20:16,ACC1226,ACC1338,48617.6,0
TX000306,2026-09-21 09:25:25,ACC1139,ACC1110,11470.37,0
TX000307,2026-09-21 09:25:30,ACC1145,ACC1347,48714.61,0
TX000308,2026-09-21 09:20:28,ACC1023,ACC1112,98446.12,1
TX000309,2026-09-21 09:10:16,ACC1104,ACC1154,76758.22,0
TX000310,2026-09-21 09:05:09,ACC1148,ACC1167,872.22,0
TX000311,2026-09-21 09:20:40,ACC1089,ACC1066,53304.98,0
TX000312,2026-09-21 09:15:33,ACC1286,ACC1426,7300.34,0
TX000313,2026-09-21 09:05:12,ACC1021,ACC1223,46029.45,0
TX000314,2026-09-21 09:20:52,ACC1160,ACC1294,57382.63,0
TX000315,2026-09-21 09:05:14,ACC1213,ACC1148,40562.73,0
TX000316,2026-09-21 09:26:15,ACC1087,ACC1410,46063.68,0
TX000317,2026-09-21 09:21:04,ACC1185,ACC1045,84463.99,0
TX000318,2026-09-21 09:26:25,ACC1301,ACC1205,7956.84,0
TX000319,2026-09-21 09:10:36,ACC1381,ACC1173,33373.56,0
TX000320,2026-09-21 09:05:19,ACC1261,ACC1324,53107.42,0
TX000321,2026-09-21 09:16:00,ACC1397,ACC1178,72765.17,0
TX000322,2026-09-21 09:10:42,ACC1417,ACC1075,10370.17,0
TX000323,2026-09-21 09:10:44,ACC1088,ACC1308,76045.51,0
TX000324,2026-09-21 09:21:32,ACC1090,ACC1487,46448.91,0
TX000325,2026-09-21 09:27:00,ACC1296,ACC1229,64334.88,0
TX000326,2026-09-21 09:16:15,ACC1165,ACC1442,15180.64,0
TX000327,2026-09-21 09:16:18,ACC1226,ACC1323,79653.33,0
TX000328,2026-09-21 09:05:27,ACC1180,ACC1259,31109.74,0
TX000329,2026-09-21 09:16:24,ACC1029,ACC1188,7765.43,0
TX000330,2026-09-21 09:27:25,ACC1437,ACC1046,59448.57,0
TX000331,2026-09-21 09:05:30,ACC1297,ACC1283,45028.4,0
TX000332,2026-09-21 09:16:33,ACC1333,ACC1096,60540.08,0
TX000333,2026-09-21 09:22:08,ACC1490,ACC1031,10439.84,0
TX000334,2026-09-21 09:05:33,ACC1175,ACC1365,50504.45,0
TX000335,2026-09-21 09:22:16,ACC1126,ACC1362,99099.5,0
TX000336,2026-09-21 09:16:45,ACC1312,ACC1081,37347.91,0
TX000337,2026-09-21 09:16:48,ACC1209,ACC1396,67921.88,1
TX000338,2026-09-21 09:16:51,ACC1323,ACC1331,6684.59,0
TX000339,2026-09-21 09:16:54,ACC1347,ACC1197,25274.38,0
TX000340,2026-09-21 09:28:15,ACC1493,ACC1464,87340.64,0
TX000341,2026-09-21 09:11:20,ACC1298,ACC1339,91682.97,0
TX000342,2026-09-21 09:22:44,ACC1335,ACC1357,12982.27,0
TX000343,2026-09-21 09:28:30,ACC1043,ACC1158,37730.26,0
TX000344,2026-09-21 09:28:35,ACC1416,ACC1065,9435.95,0
TX000345,2026-09-21 09:05:44,ACC1260,ACC1185,36323.51,0
TX000346,2026-09-21 09:23:00,ACC1109,ACC1174,19281.32,0
TX000347,2026-09-21 09:17:18,ACC1079,ACC1039,84458.4,1
TX000348,2026-09-21 09:28:55,ACC1394,ACC1276,3870.97,0
TX000349,2026-09-21 09:11:36,ACC1392,ACC1316,59764.92,0
TX000350,2026-09-21 09:29:05,ACC1092,ACC1425,80923.47,0
TX000351,2026-09-21 09:23:20,ACC1224,ACC1022,36493.51,0
TX000352,2026-09-21 09:29:15,ACC1496,ACC1227,28564.3,0
TX000353,2026-09-21 09:29:20,ACC1229,ACC1119,23992.93,0
TX000354,2026-09-21 09:11:46,ACC1401,ACC1240,36847.31,0
TX000355,2026-09-21 09:17:42,ACC1225,ACC1236,77834.59,0
TX000356,2026-09-21 09:11:50,ACC1214,ACC1494,81707.43,0
TX000357,2026-09-21 09:17:48,ACC1070,ACC1446,5312.76,0
TX000358,2026-09-21 09:05:57,ACC1190,ACC1283,71168.96,0
TX000359,2026-09-21 09:05:58,ACC1063,ACC1145,76335.37,0
TX000360,2026-09-21 09:11:58,ACC1463,ACC1262,83121.57,1
TX000361,2026-09-21 09:24:00,ACC1466,ACC1113,88474.51,0
TX000362,2026-09-21 09:24:04,ACC1212,ACC1027,50250.51,0
TX000363,2026-09-21 09:12:04,ACC1041,ACC1191,2915.94,0
TX000364,2026-09-21 09:18:09,ACC1429,ACC1365,79158.93,0
TX000365,2026-09-21 09:24:16,ACC1146,ACC1469,69637.59,0
TX000366,2026-09-21 09:24:20,ACC1361,ACC1240,61573.29,0
TX000367,2026-09-21 09:12:12,ACC1009,ACC1131,83512.81,0
TX000368,2026-09-21 09:30:35,ACC1372,ACC1311,42383.15,0
TX000369,2026-09-21 09:06:08,ACC1121,ACC1154,4870.17,0
TX000370,2026-09-21 09:24:36,ACC1406,ACC1318,6374.43,0
TX000371,2026-09-21 09:30:50,ACC1255,ACC1305,1741.89,0
TX000372,2026-09-21 09:12:22,ACC1123,ACC1367,29198.07,1
TX000373,2026-09-21 09:31:00,ACC1180,ACC1123,41715.1,0
TX000374,2026-09-21 09:18:39,ACC1043,ACC1268,6861.16,0
TX000375,2026-09-21 09:31:10,ACC1259,ACC1402,55459.78,0
TX000376,2026-09-21 09:25:00,ACC1240,ACC1022,98105.84,0
TX000377,2026-09-21 09:06:16,ACC1008,ACC1182,34545.77,0
TX000378,2026-09-21 09:31:25,ACC1321,ACC1053,73545.18,0
TX000379,2026-09-21 09:31:30,ACC1022,ACC1180,33920.87,0
TX000380,2026-09-21 09:25:16,ACC1425,ACC1398,98083.84,0
TX000381,2026-09-21 09:12:40,ACC1093,ACC1415,6403.74,0
TX000382,2026-09-21 09:19:03,ACC1234,ACC1018,20238.94,0
TX000383,2026-09-21 09:19:06,ACC1453,ACC1021,93343.76,0
TX000384,2026-09-21 09:25:32,ACC1417,ACC1278,25406.05,0
TX000385,2026-09-21 09:19:12,ACC1097,ACC1146,86227.64,1
TX000386,2026-09-21 09:19:15,ACC1335,ACC1169,12535.05,0
TX000387,2026-09-21 09:25:44,ACC1455,ACC1204,89474.29,0
TX000388,2026-09-21 09:25:48,ACC1498,ACC1095,69237.64,0
TX000389,2026-09-21 09:19:24,ACC1408,ACC1265,80134.69,0
TX000390,2026-09-21 09:32:25,ACC1040,ACC1220,99510.31,0
TX000391,2026-09-21 09:06:30,ACC1150,ACC1164,8098.88,0
TX000392,2026-09-21 09:32:35,ACC1156,ACC1228,71794.52,0
TX000393,2026-09-21 09:26:08,ACC1227,ACC1179,4331.28,0
TX000394,2026-09-21 09:26:12,ACC1180,ACC1314,27528.08,0
TX000395,2026-09-21 09:06:34,ACC1485,ACC1029,67151.27,0
TX000396,2026-09-21 09:13:10,ACC1262,ACC1410,95283.66,0
TX000397,2026-09-21 09:26:24,ACC1311,ACC1347,3576.42,0
TX000398,2026-09-21 09:19:51,ACC1398,ACC1330,36278.84,0
TX000399,2026-09-21 09:13:16,ACC1016,ACC1309,67938.3,0
TX000400,2026-09-21 09:06:39,ACC1190,ACC1227,57434.79,0
TX000401,2026-09-21 09:20:00,ACC1203,ACC1160,25036.2,0
TX000402,2026-09-21 09:26:44,ACC1376,ACC1095,51822.75,0
TX000403,2026-09-21 09:20:06,ACC1060,ACC1134,70433.38,0
TX000404,2026-09-21 09:26:52,ACC1313,ACC1146,20097.82,0
TX000405,2026-09-21 09:13:28,ACC1037,ACC1231,89878.04,0
TX000406,2026-09-21 09:20:15,ACC1044,ACC1414,66817.2,0
TX000407,2026-09-21 09:20:18,ACC1281,ACC1277,89144.04,0
TX000408,2026-09-21 09:13:34,ACC1364,ACC1363,79390.27,0
TX000409,2026-09-21 09:13:36,ACC1062,ACC1102,23749.94,0
TX000410,2026-09-21 09:34:05,ACC1184,ACC1283,36954.23,0
TX000411,2026-09-21 09:34:10,ACC1282,ACC1066,88436.22,1
TX000412,2026-09-21 09:27:24,ACC1203,ACC1367,52617.0,0
TX000413,2026-09-21 09:06:52,ACC1421,ACC1294,12620.15,0
TX000414,2026-09-21 09:27:32,ACC1037,ACC1230,68042.89,0
TX000415,2026-09-21 09:34:30,ACC1449,ACC1424,64015.41,0
TX000416,2026-09-21 09:27:40,ACC1494,ACC1066,50336.09,0
TX000417,2026-09-21 09:34:40,ACC1425,ACC1063,15386.25,0
TX000418,2026-09-21 09:13:54,ACC1165,ACC1478,34667.71,0
TX000419,2026-09-21 09:06:58,ACC1458,ACC1145,25135.47,0
TX000420,2026-09-21 09:13:58,ACC1282,ACC1140,62539.73,0
TX000421,2026-09-21 09:14:00,ACC1047,ACC1257,59221.66,0
TX000422,2026-09-21 09:35:05,ACC1087,ACC1337,72091.21,0
TX000423,2026-09-21 09:35:10,ACC1431,ACC1473,4215.31,0
TX000424,2026-09-21 09:35:15,ACC1041,ACC1023,26539.13,0
TX000425,2026-09-21 09:35:20,ACC1292,ACC1213,63935.22,0
TX000426,2026-09-21 09:21:15,ACC1321,ACC1279,64226.54,0
TX000427,2026-09-21 09:28:24,ACC1125,ACC1412,29813.64,0
TX000428,2026-09-21 09:28:28,ACC1030,ACC1080,41620.61,0
TX000429,2026-09-21 09:14:16,ACC1174,ACC1310,31326.99,0
TX000430,2026-09-21 09:21:27,ACC1375,ACC1440,97539.88,1
TX000431,2026-09-21 09:35:50,ACC1189,ACC1263,10707.77,0
TX000432,2026-09-21 09:28:44,ACC1062,ACC1136,24867.1,0
TX000433,2026-09-21 09:28:48,ACC1148,ACC1484,86429.97,0
TX000434,2026-09-21 09:14:26,ACC1492,ACC1443,81366.44,0
TX000435,2026-09-21 09:14:28,ACC1369,ACC1160,76335.83,0
TX000436,2026-09-21 09:29:00,ACC1263,ACC1239,87919.66,0
TX000437,2026-09-21 09:29:04,ACC1046,ACC1483,50593.9,0
TX000438,2026-09-21 09:21:51,ACC1110,ACC1298,4960.95,0
TX000439,2026-09-21 09:29:12,ACC1305,ACC1451,28646.26,1
TX000440,2026-09-21 09:14:38,ACC1055,ACC1220,88257.33,0
TX000441,2026-09-21 09:22:00,ACC1391,ACC1206,4619.72,0
TX000442,2026-09-21 09:22:03,ACC1287,ACC1099,55366.97,1
TX000443,2026-09-21 09:36:50,ACC1258,ACC1230,28044.1,0
TX000444,2026-09-21 09:07:23,ACC1348,ACC1312,12953.47,0
TX000445,2026-09-21 09:22:12,ACC1191,ACC1406,55827.4,0
TX000446,2026-09-21 09:37:05,ACC1073,ACC1101,50961.34,0
TX000447,2026-09-21 09:14:52,ACC1023,ACC1019,71387.83,0
TX000448,2026-09-21 09:14:54,ACC1265,ACC1233,60665.43,0
TX000449,2026-09-21 09:37:20,ACC1167,ACC1476,31921.15,0
TX000450,2026-09-21 09:22:27,ACC1315,ACC1378,59413.09,0
TX000451,2026-09-21 09:30:00,ACC1260,ACC1272,70903.11,0
TX000452,2026-09-21 09:22:33,ACC1417,ACC1008,33190.84,0
TX000453,2026-09-21 09:22:36,ACC1213,ACC1298,79695.81,0
TX000454,2026-09-21 09:07:33,ACC1352,ACC1322,59731.27,0
TX000455,2026-09-21 09:37:50,ACC1335,ACC1400,57805.68,0
TX000456,2026-09-21 09:15:10,ACC1298,ACC1245,52470.81,0
TX000457,2026-09-21 09:30:24,ACC1396,ACC1430,14862.79,0
TX000458,2026-09-21 09:07:37,ACC1016,ACC1293,19159.35,0
TX000459,2026-09-21 09:30:32,ACC1214,ACC1077,69080.98,0
TX000460,2026-09-21 09:30:36,ACC1396,ACC1313,87294.49,0
TX000461,2026-09-21 09:15:20,ACC1031,ACC1361,51916.45,0
TX000462,2026-09-21 09:38:25,ACC1339,ACC1244,37744.8,0
TX000463,2026-09-21 09:38:30,ACC1235,ACC1467,34298.47,0
TX000464,2026-09-21 09:23:09,ACC1395,ACC1444,61046.65,0
TX000465,2026-09-21 09:38:40,ACC1126,ACC1142,29920.07,0
TX000466,2026-09-21 09:23:15,ACC1152,ACC1394,70519.6,0
TX000467,2026-09-21 09:31:04,ACC1250,ACC1162,34945.44,0
TX000468,2026-09-21 09:23:21,ACC1407,ACC1369,28850.16,0
TX000469,2026-09-21 09:31:12,ACC1278,ACC1194,81855.91,0
TX000470,2026-09-21 09:23:27,ACC1411,ACC1074,4302.44,0
TX000471,2026-09-21 09:31:20,ACC1040,ACC1177,65631.61,0
TX000472,2026-09-21 09:39:15,ACC1109,ACC1103,27186.16,0
TX000473,2026-09-21 09:07:52,ACC1139,ACC1070,61606.14,0
TX000474,2026-09-21 09:39:25,ACC1124,ACC1025,22644.6,0
TX000475,2026-09-21 09:23:42,ACC1051,ACC1211,71764.07,1
TX000476,2026-09-21 09:07:55,ACC1394,ACC1070,96455.42,0
TX000477,2026-09-21 09:31:44,ACC1080,ACC1208,47797.11,0
TX000478,2026-09-21 09:23:51,ACC1493,ACC1147,28612.99,0
TX000479,2026-09-21 09:39:50,ACC1393,ACC1045,23298.8,0
TX000480,2026-09-21 09:07:59,ACC1435,ACC1479,91331.65,0
TX000481,2026-09-21 09:16:00,ACC1451,ACC1428,93398.87,1
TX000482,2026-09-21 09:32:04,ACC1428,ACC1203,18712.53,0
TX000483,2026-09-21 09:24:06,ACC1446,ACC1474,87686.64,1
TX000484,2026-09-21 09:08:03,ACC1290,ACC1308,92852.64,0
TX000485,2026-09-21 09:40:20,ACC1232,ACC1328,52479.42,0
TX000486,2026-09-21 09:40:25,ACC1068,ACC1435,46855.27,0
TX000487,2026-09-21 09:16:12,ACC1057,ACC1169,73138.81,0
TX000488,2026-09-21 09:08:07,ACC1367,ACC1095,73688.13,0
TX000489,2026-09-21 09:16:16,ACC1290,ACC1345,17631.94,0
TX000490,2026-09-21 09:32:36,ACC1459,ACC1207,51576.54,0
TX000491,2026-09-21 09:16:20,ACC1342,ACC1048,98170.35,0
TX000492,2026-09-21 09:08:11,ACC1479,ACC1127,26152.45,0
TX000493,2026-09-21 09:24:36,ACC1385,ACC1136,30264.39,0
TX000494,2026-09-21 09:24:39,ACC1005,ACC1133,69307.58,1
TX000495,2026-09-21 09:24:42,ACC1060,ACC1238,16055.71,0
TX000496,2026-09-21 09:24:45,ACC1472,ACC1458,69060.01,0
TX000497,2026-09-21 09:24:48,ACC1481,ACC1151,61501.08,0
TX000498,2026-09-21 09:16:34,ACC1068,ACC1244,45552.37,0
TX000499,2026-09-21 09:41:30,ACC1191,ACC1212,91288.41,0
TX000500,2026-09-21 09:16:38,ACC1410,ACC1340,76209.78,0
TX000501,2026-09-21 09:08:20,ACC1305,ACC1447,52598.11,0
TX000502,2026-09-21 09:41:45,ACC1185,ACC1039,11309.66,0
TX000503,2026-09-21 09:16:44,ACC1462,ACC1258,57312.9,0
TX000504,2026-09-21 09:41:55,ACC1167,ACC1437,44239.87,0
TX000505,2026-09-21 09:33:36,ACC1367,ACC1298,9185.07,0
TX000506,2026-09-21 09:33:40,ACC1414,ACC1028,13281.24,0
TX000507,2026-09-21 09:42:10,ACC1288,ACC1029,46291.59,0
TX000508,2026-09-21 09:33:48,ACC1370,ACC1011,25520.28,1
TX000509,2026-09-21 09:08:28,ACC1111,ACC1296,4624.45,0
TX000510,2026-09-21 09:08:29,ACC1032,ACC1277,93464.82,1
TX000511,2026-09-21 09:08:30,ACC1478,ACC1241,28780.36,0
TX000512,2026-09-21 09:34:04,ACC1069,ACC1392,37508.65,0
TX000513,2026-09-21 09:34:08,ACC1229,ACC1445,37626.99,0
TX000514,2026-09-21 09:42:45,ACC1338,ACC1447,13385.68,0
TX000515,2026-09-21 09:42:50,ACC1060,ACC1091,39366.56,0
TX000516,2026-09-21 09:08:35,ACC1114,ACC1427,75642.32,0
TX000517,2026-09-21 09:43:00,ACC1237,ACC1344,42470.39,0
TX000518,2026-09-21 09:34:28,ACC1117,ACC1126,34681.36,0
TX000519,2026-09-21 09:08:38,ACC1479,ACC1448,3318.51,0
TX000520,2026-09-21 09:08:39,ACC1314,ACC1392,24142.56,0
TX000521,2026-09-21 09:34:40,ACC1304,ACC1017,59818.71,0
TX000522,2026-09-21 09:08:41,ACC1024,ACC1125,40286.31,0
TX000523,2026-09-21 09:08:42,ACC1111,ACC1386,14099.54,0
TX000524,2026-09-21 09:43:35,ACC1119,ACC1417,31958.48,0
TX000525,2026-09-21 09:26:12,ACC1344,ACC1419,23766.71,0
TX000526,2026-09-21 09:17:30,ACC1338,ACC1266,41414.66,0
TX000527,2026-09-21 09:43:50,ACC1285,ACC1485,87983.42,0
TX000528,2026-09-21 09:35:08,ACC1320,ACC1347,55629.48,1
TX000529,2026-09-21 09:35:12,ACC1176,ACC1482,78601.88,0
TX000530,2026-09-21 09:17:38,ACC1213,ACC1209,30058.86,0
TX000531,2026-09-21 09:17:40,ACC1275,ACC1242,84949.16,0
TX000532,2026-09-21 09:35:24,ACC1362,ACC1073,91482.64,0
TX000533,2026-09-21 09:44:20,ACC1495,ACC1213,53046.18,0
TX000534,2026-09-21 09:26:39,ACC1130,ACC1104,64705.91,0
TX000535,2026-09-21 09:08:54,ACC1433,ACC1189,53609.99,0
TX000536,2026-09-21 09:35:40,ACC1026,ACC1137,67399.82,0
TX000537,2026-09-21 09:17:52,ACC1447,ACC1037,80484.6,0
TX000538,2026-09-21 09:17:54,ACC1343,ACC1286,47991.48,0
TX000539,2026-09-21 09:08:58,ACC1170,ACC1155,21259.6,0
TX000540,2026-09-21 09:35:56,ACC1379,ACC1060,91452.69,0
TX000541,2026-09-21 09:36:00,ACC1360,ACC1104,91521.13,0
TX000542,2026-09-21 09:36:04,ACC1397,ACC1144,46678.42,0
TX000543,2026-09-21 09:27:06,ACC1157,ACC1133,51330.37,0
TX000544,2026-09-21 09:36:12,ACC1050,ACC1411,76186.73,0
TX000545,2026-09-21 09:27:12,ACC1104,ACC1189,41451.62,0
TX000546,2026-09-21 09:18:10,ACC1113,ACC1379,1720.37,0
TX000547,2026-09-21 09:36:24,ACC1299,ACC1296,29589.71,0
TX000548,2026-09-21 09:45:35,ACC1117,ACC1194,83352.94,0
TX000549,2026-09-21 09:27:24,ACC1335,ACC1483,25806.94,0
TX000550,2026-09-21 09:36:36,ACC1494,ACC1370,46136.82,0
TX000551,2026-09-21 09:18:20,ACC1180,ACC1086,72059.32,0
TX000552,2026-09-21 09:45:55,ACC1469,ACC1455,99033.32,0
TX000553,2026-09-21 09:09:12,ACC1268,ACC1017,94524.29,0
TX000554,2026-09-21 09:36:52,ACC1391,ACC1003,13835.4,0
TX000555,2026-09-21 09:18:28,ACC1034,ACC1362,1013.23,0
TX000556,2026-09-21 09:46:15,ACC1191,ACC1030,63809.09,0
TX000557,2026-09-21 09:37:04,ACC1467,ACC1247,1671.6,0
TX000558,2026-09-21 09:09:17,ACC1210,ACC1006,52988.82,0
TX000559,2026-09-21 09:46:30,ACC1146,ACC1008,81334.41,0
TX000560,2026-09-21 09:18:38,ACC1412,ACC1481,10790.94,0
TX000561,2026-09-21 09:18:40,ACC1076,ACC1123,62016.11,0
TX000562,2026-09-21 09:37:24,ACC1181,ACC1136,7994.02,0
TX000563,2026-09-21 09:18:44,ACC1235,ACC1289,99024.28,0
TX000564,2026-09-21 09:09:23,ACC1350,ACC1423,65408.2,0
TX000565,2026-09-21 09:09:24,ACC1388,ACC1016,40587.3,0
TX000566,2026-09-21 09:09:25,ACC1243,ACC1028,70314.23,1
TX000567,2026-09-21 09:28:18,ACC1432,ACC1222,56629.08,0
TX000568,2026-09-21 09:47:15,ACC1048,ACC1458,91923.31,0
TX000569,2026-09-21 09:47:20,ACC1461,ACC1444,47602.48,1
TX000570,2026-09-21 09:28:27,ACC1038,ACC1350,89941.23,0
TX000571,2026-09-21 09:28:30,ACC1016,ACC1091,1664.24,0
TX000572,2026-09-21 09:38:04,ACC1073,ACC1385,92894.61,0
TX000573,2026-09-21 09:47:40,ACC1288,ACC1123,83481.59,0
TX000574,2026-09-21 09:28:39,ACC1459,ACC1276,38446.24,0
TX000575,2026-09-21 09:09:34,ACC1404,ACC1352,50129.21,0
TX000576,2026-09-21 09:38:20,ACC1027,ACC1050,23291.19,0
TX000577,2026-09-21 09:48:00,ACC1309,ACC1393,95490.35,0
TX000578,2026-09-21 09:09:37,ACC1396,ACC1167,63448.88,0
TX000579,2026-09-21 09:19:16,ACC1230,ACC1251,35645.54,0
TX000580,2026-09-21 09:48:15,ACC1221,ACC1095,66101.12,1
TX000581,2026-09-21 09:19:20,ACC1316,ACC1151,71339.54,1
TX000582,2026-09-21 09:19:22,ACC1078,ACC1194,73991.56,0
TX000583,2026-09-21 09:09:42,ACC1054,ACC1046,94301.73,0
TX000584,2026-09-21 09:09:43,ACC1389,ACC1138,13337.45,0
TX000585,2026-09-21 09:48:40,ACC1229,ACC1285,51292.84,0
TX000586,2026-09-21 09:48:45,ACC1045,ACC1181,9397.12,0
TX000587,2026-09-21 09:39:04,ACC1166,ACC1442,1332.83,0
TX000588,2026-09-21 09:48:55,ACC1398,ACC1043,90530.24,0
TX000589,2026-09-21 09:19:36,ACC1292,ACC1266,68563.07,0
TX000590,2026-09-21 09:29:27,ACC1137,ACC1154,49363.08,1
TX000591,2026-09-21 09:39:20,ACC1222,ACC1141,30045.25,0
TX000592,2026-09-21 09:19:42,ACC1184,ACC1128,72117.86,0
TX000593,2026-09-21 09:39:28,ACC1315,ACC1100,10786.54,0
TX000594,2026-09-21 09:29:39,ACC1485,ACC1202,84177.18,0
TX000595,2026-09-21 09:39:36,ACC1441,ACC1168,33540.15,0
TX000596,2026-09-21 09:49:35,ACC1440,ACC1333,13698.83,0
TX000597,2026-09-21 09:19:52,ACC1485,ACC1355,47953.07,0
TX000598,2026-09-21 09:29:51,ACC1203,ACC1495,29215.67,0
TX000599,2026-09-21 09:49:50,ACC1251,ACC1495,78219.24,0
TX000600,2026-09-21 09:39:56,ACC1143,ACC1418,36565.05,0
TX000601,2026-09-21 09:50:00,ACC1102,ACC1303,18074.73,0
TX000602,2026-09-21 09:40:04,ACC1013,ACC1487,94303.19,0
TX000603,2026-09-21 09:10:02,ACC1408,ACC1149,81914.66,0
TX000604,2026-09-21 09:40:12,ACC1209,ACC1344,14003.99,0
TX000605,2026-09-21 09:20:08,ACC1129,ACC1337,71552.12,0
TX000606,2026-09-21 09:50:25,ACC1037,ACC1229,47975.55,0
TX000607,2026-09-21 09:40:24,ACC1259,ACC1472,54410.16,0
TX000608,2026-09-21 09:50:35,ACC1184,ACC1359,59422.61,0
TX000609,2026-09-21 09:20:16,ACC1055,ACC1393,65794.4,0
TX000610,2026-09-21 09:10:09,ACC1331,ACC1313,56365.71,0
TX000611,2026-09-21 09:30:30,ACC1331,ACC1204,96575.11,0
TX000612,2026-09-21 09:30:33,ACC1005,ACC1050,22277.91,0
TX000613,2026-09-21 09:51:00,ACC1285,ACC1297,22181.07,0
TX000614,2026-09-21 09:51:05,ACC1237,ACC1395,69074.69,0
TX000615,2026-09-21 09:10:14,ACC1012,ACC1247,29613.68,0
TX000616,2026-09-21 09:20:30,ACC1043,ACC1059,34898.03,0
TX000617,2026-09-21 09:51:20,ACC1401,ACC1105,48344.31,0
TX000618,2026-09-21 09:41:08,ACC1224,ACC1369,31959.06,0
TX000619,2026-09-21 09:10:18,ACC1414,ACC1363,2356.25,0
TX000620,2026-09-21 09:20:38,ACC1055,ACC1346,92999.25,0
TX000621,2026-09-21 09:51:40,ACC1264,ACC1089,16097.56,0
TX000622,2026-09-21 09:20:42,ACC1490,ACC1236,79795.8,0
TX000623,2026-09-21 09:41:28,ACC1095,ACC1327,39618.68,0
TX000624,2026-09-21 09:41:32,ACC1452,ACC1101,59261.1,0
TX000625,2026-09-21 09:20:48,ACC1360,ACC1109,27906.65,0
TX000626,2026-09-21 09:52:05,ACC1407,ACC1032,10265.03,0
TX000627,2026-09-21 09:31:18,ACC1095,ACC1187,19787.72,0
TX000628,2026-09-21 09:41:48,ACC1343,ACC1441,52818.73,0
TX000629,2026-09-21 09:52:20,ACC1305,ACC1198,39315.15,0
TX000630,2026-09-21 09:41:56,ACC1180,ACC1432,61774.53,0
TX000631,2026-09-21 09:31:30,ACC1361,ACC1409,91876.39,0
TX000632,2026-09-21 09:31:33,ACC1344,ACC1068,11874.38,0
TX000633,2026-09-21 09:21:04,ACC1093,ACC1191,51131.4,0
TX000634,2026-09-21 09:42:12,ACC1070,ACC1294,42361.57,0
TX000635,2026-09-21 09:21:08,ACC1275,ACC1355,55535.77,0
TX000636,2026-09-21 09:31:45,ACC1071,ACC1095,84214.32,0
TX000637,2026-09-21 09:10:36,ACC1443,ACC1183,48512.43,0
TX000638,2026-09-21 09:53:05,ACC1196,ACC1493,50593.26,0
TX000639,2026-09-21 09:42:32,ACC1350,ACC1251,71043.22,0
TX000640,2026-09-21 09:53:15,ACC1085,ACC1042,3182.98,0
TX000641,2026-09-21 09:32:00,ACC1149,ACC1016,22561.86,0
TX000642,2026-09-21 09:53:25,ACC1399,ACC1234,74277.57,0
TX000643,2026-09-21 09:10:42,ACC1281,ACC1261,57314.13,0
TX000644,2026-09-21 09:32:09,ACC1278,ACC1421,54250.13,0
TX000645,2026-09-21 09:42:56,ACC1389,ACC1368,54680.69,0
TX000646,2026-09-21 09:21:30,ACC1052,ACC1376,29841.12,0
TX000647,2026-09-21 09:32:18,ACC1230,ACC1134,86233.74,1
TX000648,2026-09-21 09:21:34,ACC1443,ACC1060,21066.83,0
TX000649,2026-09-21 09:54:00,ACC1352,ACC1179,63313.79,0
TX000650,2026-09-21 09:21:38,ACC1071,ACC1401,81371.63,0
TX000651,2026-09-21 09:54:10,ACC1291,ACC1179,28180.39,0
TX000652,2026-09-21 09:32:33,ACC1165,ACC1360,29004.39,0
TX000653,2026-09-21 09:10:52,ACC1439,ACC1263,13645.33,0
TX000654,2026-09-21 09:10:53,ACC1210,ACC1470,99249.37,0
TX000655,2026-09-21 09:21:48,ACC1064,ACC1359,25042.76,0
TX000656,2026-09-21 09:43:40,ACC1424,ACC1126,48996.93,0
TX000657,2026-09-21 09:43:44,ACC1137,ACC1321,37579.72,0
TX000658,2026-09-21 09:10:57,ACC1406,ACC1450,40344.79,0
TX000659,2026-09-21 09:32:54,ACC1355,ACC1479,45524.1,0
TX000660,2026-09-21 09:10:59,ACC1297,ACC1001,73120.1,0
TX000661,2026-09-21 09:33:00,ACC1340,ACC1357,85025.61,0
TX000662,2026-09-21 09:44:04,ACC1203,ACC1111,82502.28,0
TX000663,2026-09-21 09:33:06,ACC1165,ACC1424,33841.74,0
TX000664,2026-09-21 09:44:12,ACC1289,ACC1436,78851.53,0
TX000665,2026-09-21 09:11:04,ACC1390,ACC1024,10047.52,0
TX000666,2026-09-21 09:11:05,ACC1235,ACC1008,92950.34,0
TX000667,2026-09-21 09:44:24,ACC1233,ACC1000,20311.59,0
TX000668,2026-09-21 09:33:21,ACC1067,ACC1451,15981.85,0
TX000669,2026-09-21 09:33:24,ACC1140,ACC1047,25113.89,0
TX000670,2026-09-21 09:22:18,ACC1462,ACC1332,5273.55,0
TX000671,2026-09-21 09:22:20,ACC1371,ACC1358,42980.17,0
TX000672,2026-09-21 09:22:22,ACC1048,ACC1000,47732.99,0
TX000673,2026-09-21 09:44:48,ACC1115,ACC1265,1027.77,0
TX000674,2026-09-21 09:44:52,ACC1418,ACC1061,69433.7,0
TX000675,2026-09-21 09:11:14,ACC1117,ACC1196,73103.26,1
TX000676,2026-09-21 09:33:45,ACC1160,ACC1188,13799.22,0
TX000677,2026-09-21 09:22:32,ACC1385,ACC1447,64193.46,0
TX000678,2026-09-21 09:56:25,ACC1035,ACC1271,946.63,0
TX000679,2026-09-21 09:22:36,ACC1225,ACC1179,62845.2,0
TX000680,2026-09-21 09:45:16,ACC1210,ACC1315,86010.26,1
TX000681,2026-09-21 09:11:20,ACC1051,ACC1071,58998.43,0
TX000682,2026-09-21 09:34:03,ACC1493,ACC1219,79128.56,0
TX000683,2026-09-21 09:22:44,ACC1330,ACC1043,55384.32,0
TX000684,2026-09-21 09:11:23,ACC1311,ACC1145,84804.42,0
TX000685,2026-09-21 09:57:00,ACC1154,ACC1105,60731.99,0
TX000686,2026-09-21 09:11:25,ACC1200,ACC1151,78401.78,0
TX000687,2026-09-21 09:45:44,ACC1122,ACC1253,11363.09,0
TX000688,2026-09-21 09:57:15,ACC1304,ACC1036,88883.58,1
TX000689,2026-09-21 09:34:24,ACC1184,ACC1478,13285.09,0
TX000690,2026-09-21 09:34:27,ACC1291,ACC1215,54680.99,0
TX000691,2026-09-21 09:11:30,ACC1241,ACC1488,1767.27,0
TX000692,2026-09-21 09:11:31,ACC1134,ACC1110,92265.67,0
TX000693,2026-09-21 09:34:36,ACC1203,ACC1259,62894.21,0
TX000694,2026-09-21 09:46:12,ACC1212,ACC1216,8334.54,0
TX000695,2026-09-21 09:34:42,ACC1315,ACC1078,8451.35,0
TX000696,2026-09-21 09:23:10,ACC1471,ACC1104,53685.38,0
TX000697,2026-09-21 09:11:36,ACC1324,ACC1390,31085.93,0
TX000698,2026-09-21 09:23:14,ACC1488,ACC1433,5884.8,0
TX000699,2026-09-21 09:46:32,ACC1222,ACC1059,61268.45,1
TX000700,2026-09-21 09:23:18,ACC1341,ACC1379,12032.36,0
TX000701,2026-09-21 09:23:20,ACC1359,ACC1005,49691.65,0
TX000702,2026-09-21 09:35:03,ACC1264,ACC1400,16779.6,0
TX000703,2026-09-21 09:35:06,ACC1399,ACC1447,73320.29,0
TX000704,2026-09-21 09:35:09,ACC1460,ACC1015,80730.07,0
TX000705,2026-09-21 09:58:40,ACC1032,ACC1134,62790.53,0
TX000706,2026-09-21 09:11:45,ACC1261,ACC1184,50011.04,0
TX000707,2026-09-21 09:35:18,ACC1188,ACC1080,77355.56,0
TX000708,2026-09-21 09:11:47,ACC1345,ACC1370,22917.6,0
TX000709,2026-09-21 09:11:48,ACC1022,ACC1439,24530.69,0
TX000710,2026-09-21 09:23:38,ACC1196,ACC1471,17978.2,0
TX000711,2026-09-21 09:47:20,ACC1018,ACC1283,22529.08,0
TX000712,2026-09-21 09:35:33,ACC1468,ACC1368,27198.67,0
TX000713,2026-09-21 09:59:20,ACC1190,ACC1061,67365.24,1
TX000714,2026-09-21 09:59:25,ACC1114,ACC1411,98143.25,0
TX000715,2026-09-21 09:47:36,ACC1035,ACC1449,86616.62,0
TX000716,2026-09-21 09:11:55,ACC1159,ACC1167,55353.83,1
TX000717,2026-09-21 09:59:40,ACC1102,ACC1149,78472.27,0
TX000718,2026-09-21 09:35:51,ACC1124,ACC1237,59209.92,0
TX000719,2026-09-21 09:23:56,ACC1395,ACC1397,73273.09,0
TX000720,2026-09-21 09:23:58,ACC1407,ACC1125,737.15,0
TX000721,2026-09-21 09:36:00,ACC1119,ACC1277,63630.59,0
TX000722,2026-09-21 09:36:03,ACC1004,ACC1486,246.06,0
TX000723,2026-09-21 09:36:06,ACC1434,ACC1377,10484.51,0
TX000724,2026-09-21 09:48:12,ACC1121,ACC1214,96122.39,0
TX000725,2026-09-21 09:36:12,ACC1072,ACC1364,9393.36,0
TX000726,2026-09-21 10:00:25,ACC1459,ACC1432,41364.37,0
TX000727,2026-09-21 09:12:06,ACC1234,ACC1498,58118.99,0
TX000728,2026-09-21 09:48:28,ACC1326,ACC1419,7575.57,0
TX000729,2026-09-21 09:24:16,ACC1222,ACC1339,23753.5,0
TX000730,2026-09-21 09:48:36,ACC1161,ACC1474,70102.49,0
TX000731,2026-09-21 09:36:30,ACC1162,ACC1231,23437.76,0
TX000732,2026-09-21 10:00:55,ACC1069,ACC1399,10986.39,0
TX000733,2026-09-21 09:36:36,ACC1230,ACC1238,40710.6,0
TX000734,2026-09-21 09:24:26,ACC1493,ACC1394,45246.52,0
TX000735,2026-09-21 09:12:14,ACC1436,ACC1061,15845.78,0
TX000736,2026-09-21 10:01:15,ACC1423,ACC1360,4128.95,0
TX000737,2026-09-21 09:12:16,ACC1167,ACC1075,71144.62,0
TX000738,2026-09-21 09:12:17,ACC1202,ACC1262,67750.62,0
TX000739,2026-09-21 09:49:12,ACC1089,ACC1015,85474.67,0
TX000740,2026-09-21 09:12:19,ACC1281,ACC1127,46258.12,0
TX000741,2026-09-21 09:12:20,ACC1071,ACC1062,6260.75,0
TX000742,2026-09-21 09:24:42,ACC1113,ACC1066,82384.97,0
TX000743,2026-09-21 09:12:22,ACC1322,ACC1480,58274.15,0
TX000744,2026-09-21 09:12:23,ACC1416,ACC1038,99716.43,0
TX000745,2026-09-21 09:24:48,ACC1330,ACC1227,9288.67,0
TX000746,2026-09-21 09:12:25,ACC1414,ACC1169,4365.36,0
TX000747,2026-09-21 10:02:10,ACC1086,ACC1473,43372.32,0
TX000748,2026-09-21 09:49:48,ACC1254,ACC1015,68352.97,0
TX000749,2026-09-21 09:24:56,ACC1109,ACC1465,27570.68,0
TX000750,2026-09-21 10:02:25,ACC1076,ACC1017,61955.74,0
TX000751,2026-09-21 09:50:00,ACC1151,ACC1255,88289.58,0
TX000752,2026-09-21 09:50:04,ACC1044,ACC1143,13809.88,0
TX000753,2026-09-21 10:02:40,ACC1452,ACC1408,24989.86,0
TX000754,2026-09-21 09:12:33,ACC1278,ACC1406,98941.42,0
TX000755,2026-09-21 10:02:50,ACC1183,ACC1245,78165.37,0
TX000756,2026-09-21 09:37:45,ACC1289,ACC1257,38899.29,0
TX000757,2026-09-21 09:25:12,ACC1163,ACC1305,3027.42,0
TX000758,2026-09-21 09:50:28,ACC1143,ACC1029,52990.29,0
TX000759,2026-09-21 09:25:16,ACC1119,ACC1498,10103.42,0
TX000760,2026-09-21 09:12:39,ACC1136,ACC1273,76428.57,0
TX000761,2026-09-21 09:50:40,ACC1294,ACC1433,35544.98,0
TX000762,2026-09-21 09:25:22,ACC1432,ACC1088,23731.46,0
TX000763,2026-09-21 09:38:06,ACC1377,ACC1357,91406.6,1
TX000764,2026-09-21 10:03:35,ACC1358,ACC1180,56404.29,0
TX000765,2026-09-21 09:50:56,ACC1096,ACC1428,54258.25,0
TX000766,2026-09-21 09:12:45,ACC1019,ACC1046,23339.07,0
TX000767,2026-09-21 09:12:46,ACC1269,ACC1244,33240.23,0
TX000768,2026-09-21 09:38:21,ACC1412,ACC1066,71722.07,0
TX000769,2026-09-21 09:38:24,ACC1432,ACC1444,6049.64,0
TX000770,2026-09-21 09:25:38,ACC1360,ACC1469,77459.21,0
TX000771,2026-09-21 09:12:50,ACC1440,ACC1186,37421.72,0
TX000772,2026-09-21 09:12:51,ACC1202,ACC1300,33722.45,0
TX000773,2026-09-21 09:51:28,ACC1499,ACC1080,79205.07,0
TX000774,2026-09-21 09:25:46,ACC1332,ACC1162,70747.57,0
TX000775,2026-09-21 10:04:30,ACC1455,ACC1475,78720.48,0
TX000776,2026-09-21 09:25:50,ACC1301,ACC1417,37900.57,0
TX000777,2026-09-21 09:25:52,ACC1150,ACC1065,72910.21,0
TX000778,2026-09-21 09:51:48,ACC1485,ACC1293,85090.62,0
TX000779,2026-09-21 09:25:56,ACC1290,ACC1016,60278.63,0
TX000780,2026-09-21 09:25:58,ACC1495,ACC1313,64000.71,0
TX000781,2026-09-21 09:39:00,ACC1254,ACC1072,74559.8,0
TX000782,2026-09-21 09:13:01,ACC1163,ACC1085,82184.01,0
TX000783,2026-09-21 09:39:06,ACC1373,ACC1453,44718.33,0
TX000784,2026-09-21 09:13:03,ACC1127,ACC1354,35113.07,0
TX000785,2026-09-21 09:13:04,ACC1368,ACC1000,38655.12,0
TX000786,2026-09-21 09:52:20,ACC1496,ACC1085,49358.89,0
TX000787,2026-09-21 09:13:06,ACC1279,ACC1192,82897.82,0
TX000788,2026-09-21 09:26:14,ACC1295,ACC1333,16349.39,0
TX000789,2026-09-21 09:39:24,ACC1433,ACC1017,2105.79,0
TX000790,2026-09-21 09:39:27,ACC1053,ACC1037,17093.51,0
TX000791,2026-09-21 10:05:50,ACC1374,ACC1038,94189.23,0
TX000792,2026-09-21 10:05:55,ACC1173,ACC1304,89333.29,0
TX000793,2026-09-21 09:26:24,ACC1220,ACC1482,60771.03,0
TX000794,2026-09-21 09:39:39,ACC1027,ACC1051,20634.49,0
TX000795,2026-09-21 10:06:10,ACC1356,ACC1283,26599.95,0
TX000796,2026-09-21 09:13:15,ACC1121,ACC1049,39350.93,0
TX000797,2026-09-21 09:13:16,ACC1251,ACC1078,36146.81,0
TX000798,2026-09-21 10:06:25,ACC1150,ACC1421,48084.81,0
TX000799,2026-09-21 09:39:54,ACC1105,ACC1087,97708.06,0
TX000800,2026-09-21 09:53:16,ACC1059,ACC1157,47147.35,0
TX000801,2026-09-21 10:06:40,ACC1135,ACC1046,38813.96,0
TX000802,2026-09-21 09:26:42,ACC1195,ACC1189,44632.95,0
TX000803,2026-09-21 09:26:44,ACC1238,ACC1134,83724.17,0
TX000804,2026-09-21 09:13:23,ACC1077,ACC1385,8662.16,0
TX000805,2026-09-21 10:07:00,ACC1277,ACC1211,22828.52,0
TX000806,2026-09-21 10:07:05,ACC1198,ACC1419,41921.34,0
TX000807,2026-09-21 09:53:44,ACC1443,ACC1479,57314.16,0
TX000808,2026-09-21 09:53:48,ACC1153,ACC1040,90287.44,0
TX000809,2026-09-21 10:07:20,ACC1257,ACC1292,80064.99,0
TX000810,2026-09-21 09:13:29,ACC1317,ACC1075,94930.56,0
TX000811,2026-09-21 09:27:00,ACC1485,ACC1085,80865.23,0
TX000812,2026-09-21 09:54:04,ACC1216,ACC1040,20271.74,0
TX000813,2026-09-21 10:07:40,ACC1075,ACC1427,25862.85,0
TX000814,2026-09-21 09:13:33,ACC1468,ACC1413,8794.04,0
TX000815,2026-09-21 09:40:42,ACC1282,ACC1166,52016.85,0
TX000816,2026-09-21 10:07:55,ACC1006,ACC1402,58798.85,0
TX000817,2026-09-21 09:27:12,ACC1057,ACC1212,14905.15,0
TX000818,2026-09-21 09:13:37,ACC1388,ACC1493,92500.32,0
TX000819,2026-09-21 09:40:54,ACC1051,ACC1402,86760.78,0
TX000820,2026-09-21 09:40:57,ACC1449,ACC1210,38366.04,0
TX000821,2026-09-21 09:13:40,ACC1311,ACC1242,17302.75,0
TX000822,2026-09-21 09:54:44,ACC1316,ACC1311,3974.37,0
TX000823,2026-09-21 09:27:24,ACC1169,ACC1353,5024.17,0
TX000824,2026-09-21 09:41:09,ACC1137,ACC1459,2121.27,0
TX000825,2026-09-21 09:41:12,ACC1155,ACC1159,84300.37,0
TX000826,2026-09-21 09:27:30,ACC1350,ACC1050,13525.11,0
TX000827,2026-09-21 09:41:18,ACC1226,ACC1396,27015.06,0
TX000828,2026-09-21 09:27:34,ACC1330,ACC1045,44227.49,0
TX000829,2026-09-21 09:55:12,ACC1208,ACC1379,75973.38,0
TX000830,2026-09-21 10:09:05,ACC1420,ACC1028,79169.89,1
TX000831,2026-09-21 09:55:20,ACC1363,ACC1259,13651.42,0
TX000832,2026-09-21 09:13:51,ACC1450,ACC1291,17456.36,0
TX000833,2026-09-21 09:13:52,ACC1102,ACC1428,25024.08,0
TX000834,2026-09-21 09:27:46,ACC1470,ACC1184,27470.35,0
TX000835,2026-09-21 09:13:54,ACC1258,ACC1203,68149.32,0
TX000836,2026-09-21 09:55:40,ACC1250,ACC1304,17840.61,0
TX000837,2026-09-21 09:41:48,ACC1300,ACC1282,34490.48,0
TX000838,2026-09-21 09:13:57,ACC1132,ACC1383,28578.43,0
TX000839,2026-09-21 10:09:50,ACC1083,ACC1437,78005.03,0
TX000840,2026-09-21 09:27:58,ACC1113,ACC1331,67801.76,0
TX000841,2026-09-21 09:14:00,ACC1209,ACC1262,86476.53,0
TX000842,2026-09-21 09:56:04,ACC1349,ACC1004,91160.39,0
TX000843,2026-09-21 09:14:02,ACC1307,ACC1410,22454.63,0
TX000844,2026-09-21 09:42:09,ACC1482,ACC1156,42438.3,0
TX000845,2026-09-21 09:42:12,ACC1178,ACC1235,21899.08,0
TX000846,2026-09-21 10:10:25,ACC1266,ACC1422,39775.54,0
TX000847,2026-09-21 09:42:18,ACC1261,ACC1339,56189.57,0
TX000848,2026-09-21 09:14:07,ACC1144,ACC1152,48225.67,0
TX000849,2026-09-21 09:42:24,ACC1141,ACC1327,86163.01,0
TX000850,2026-09-21 09:42:27,ACC1364,ACC1487,18917.17,0
TX000851,2026-09-21 09:14:10,ACC1123,ACC1460,80562.44,0
TX000852,2026-09-21 09:42:33,ACC1307,ACC1206,68107.5,0
TX000853,2026-09-21 09:42:36,ACC1335,ACC1254,26016.68,0
TX000854,2026-09-21 09:14:13,ACC1198,ACC1377,58344.07,0
TX000855,2026-09-21 09:42:42,ACC1417,ACC1097,72682.33,0
TX000856,2026-09-21 09:57:00,ACC1273,ACC1326,90662.0,0
TX000857,2026-09-21 09:28:32,ACC1259,ACC1153,84079.81,0
TX000858,2026-09-21 09:14:17,ACC1092,ACC1150,47131.01,0
TX000859,2026-09-21 10:11:30,ACC1371,ACC1413,76315.53,0
TX000860,2026-09-21 09:42:57,ACC1348,ACC1460,65478.02,0
TX000861,2026-09-21 09:43:00,ACC1114,ACC1381,42105.21,0
TX000862,2026-09-21 10:11:45,ACC1190,ACC1133,29475.71,0
TX000863,2026-09-21 10:11:50,ACC1240,ACC1027,58073.28,0
TX000864,2026-09-21 09:28:46,ACC1241,ACC1455,50097.69,0
TX000865,2026-09-21 09:43:12,ACC1195,ACC1271,41369.41,0
TX000866,2026-09-21 09:28:50,ACC1077,ACC1070,34332.72,0
TX000867,2026-09-21 09:57:44,ACC1457,ACC1464,14408.09,0
TX000868,2026-09-21 09:14:27,ACC1092,ACC1398,48809.33,0
TX000869,2026-09-21 09:14:28,ACC1090,ACC1160,570.88,0
TX000870,2026-09-21 09:28:58,ACC1389,ACC1396,57670.26,0
TX000871,2026-09-21 09:14:30,ACC1402,ACC1390,13027.66,0
TX000872,2026-09-21 09:58:04,ACC1219,ACC1206,96536.25,0
TX000873,2026-09-21 09:29:04,ACC1019,ACC1273,73092.84,0
TX000874,2026-09-21 10:12:45,ACC1456,ACC1164,19138.61,0
TX000875,2026-09-21 09:29:08,ACC1320,ACC1375,22703.94,0
TX000876,2026-09-21 09:14:35,ACC1159,ACC1066,38416.69,0
TX000877,2026-09-21 09:14:36,ACC1085,ACC1033,29890.41,0
TX000878,2026-09-21 10:13:05,ACC1372,ACC1266,52459.35,0
TX000879,2026-09-21 09:43:54,ACC1351,ACC1068,99614.28,0
TX000880,2026-09-21 09:29:18,ACC1384,ACC1096,94813.63,0
TX000881,2026-09-21 09:29:20,ACC1206,ACC1009,22509.7,0
TX000882,2026-09-21 09:14:41,ACC1108,ACC1375,59010.31,0
TX000883,2026-09-21 09:14:42,ACC1187,ACC1364,37581.72,0
TX000884,2026-09-21 10:13:35,ACC1394,ACC1273,4953.84,0
TX000885,2026-09-21 09:14:44,ACC1338,ACC1055,4918.68,0
TX000886,2026-09-21 09:14:45,ACC1227,ACC1194,54773.51,0
TX000887,2026-09-21 09:14:46,ACC1078,ACC1105,30181.53,0
TX000888,2026-09-21 09:44:21,ACC1339,ACC1266,62317.5,0
TX000889,2026-09-21 09:14:48,ACC1214,ACC1425,51207.32,0
TX000890,2026-09-21 09:14:49,ACC1144,ACC1058,49824.13,0
TX000891,2026-09-21 10:14:10,ACC1398,ACC1134,97314.66,0
TX000892,2026-09-21 09:29:42,ACC1209,ACC1151,4036.63,0
TX000893,2026-09-21 09:59:28,ACC1106,ACC1352,33127.3,1
TX000894,2026-09-21 09:14:53,ACC1343,ACC1045,83539.69,0
TX000895,2026-09-21 09:14:54,ACC1076,ACC1486,77974.67,1
TX000896,2026-09-21 09:44:45,ACC1370,ACC1051,64469.25,0
TX000897,2026-09-21 09:59:44,ACC1151,ACC1135,5103.01,0
TX000898,2026-09-21 09:44:51,ACC1447,ACC1020,36085.44,0
TX000899,2026-09-21 09:14:58,ACC1218,ACC1378,9590.35,0
TX000900,2026-09-21 09:29:58,ACC1023,ACC1004,66369.17,0
TX000901,2026-09-21 10:00:00,ACC1183,ACC1457,95513.41,0
TX000902,2026-09-21 09:45:03,ACC1375,ACC1047,81514.93,0
TX000903,2026-09-21 10:00:08,ACC1205,ACC1204,27256.13,0
TX000904,2026-09-21 10:00:12,ACC1435,ACC1244,64919.76,0
TX000905,2026-09-21 09:15:04,ACC1057,ACC1067,98158.76,0
TX000906,2026-09-21 10:15:25,ACC1053,ACC1213,48319.22,0
TX000907,2026-09-21 10:15:30,ACC1224,ACC1092,38037.1,0
TX000908,2026-09-21 09:30:14,ACC1014,ACC1441,48359.66,0
TX000909,2026-09-21 10:00:32,ACC1454,ACC1210,4692.64,0
TX000910,2026-09-21 10:15:45,ACC1160,ACC1006,76776.12,0
TX000911,2026-09-21 09:45:30,ACC1289,ACC1114,51958.06,0
TX000912,2026-09-21 10:00:44,ACC1316,ACC1048,66205.15,0
TX000913,2026-09-21 10:00:48,ACC1177,ACC1339,14950.58,0
TX000914,2026-09-21 09:15:13,ACC1456,ACC1313,1263.32,0
TX000915,2026-09-21 10:00:56,ACC1258,ACC1434,85201.93,0
TX000916,2026-09-21 10:01:00,ACC1038,ACC1384,32131.32,0
TX000917,2026-09-21 10:16:20,ACC1142,ACC1025,22348.38,0
TX000918,2026-09-21 09:30:34,ACC1206,ACC1418,7975.18,0
TX000919,2026-09-21 09:15:18,ACC1293,ACC1229,85673.26,0
TX000920,2026-09-21 09:15:19,ACC1060,ACC1254,10354.07,0
TX000921,2026-09-21 09:15:20,ACC1285,ACC1281,82608.28,0
TX000922,2026-09-21 09:46:03,ACC1493,ACC1316,89022.08,0
TX000923,2026-09-21 10:01:28,ACC1335,ACC1343,95040.48,0
TX000924,2026-09-21 09:30:46,ACC1027,ACC1418,84447.31,0
TX000925,2026-09-21 10:17:00,ACC1392,ACC1317,47366.05,0
TX000926,2026-09-21 09:15:25,ACC1366,ACC1231,9833.96,0
TX000927,2026-09-21 09:46:18,ACC1001,ACC1174,83005.4,0
TX000928,2026-09-21 10:17:15,ACC1149,ACC1280,37451.65,0
TX000929,2026-09-21 10:01:52,ACC1459,ACC1084,14130.87,0
TX000930,2026-09-21 09:15:29,ACC1369,ACC1209,25503.5,0
TX000931,2026-09-21 10:02:00,ACC1061,ACC1476,21637.39,0
TX000932,2026-09-21 09:46:33,ACC1097,ACC1366,10865.8,0
TX000933,2026-09-21 10:17:40,ACC1474,ACC1324,12409.6,0
TX000934,2026-09-21 10:17:45,ACC1234,ACC1337,95623.41,0
TX000935,2026-09-21 10:17:50,ACC1255,ACC1002,73647.77,0
TX000936,2026-09-21 10:17:55,ACC1221,ACC1429,48344.9,0
TX000937,2026-09-21 09:31:12,ACC1471,ACC1466,69212.59,0
TX000938,2026-09-21 09:15:37,ACC1417,ACC1065,38801.82,0
TX000939,2026-09-21 10:18:10,ACC1451,ACC1164,88150.92,0
TX000940,2026-09-21 09:31:18,ACC1311,ACC1468,27432.23,0
TX000941,2026-09-21 10:02:40,ACC1496,ACC1150,80499.2,0
TX000942,2026-09-21 10:18:25,ACC1308,ACC1358,29961.42,0
TX000943,2026-09-21 10:18:30,ACC1440,ACC1160,63295.07,0
TX000944,2026-09-21 09:47:09,ACC1319,ACC1365,68692.47,0
TX000945,2026-09-21 09:31:28,ACC1067,ACC1363,50438.95,0
TX000946,2026-09-21 09:15:45,ACC1165,ACC1363,76101.42,0
TX000947,2026-09-21 10:03:04,ACC1298,ACC1292,67456.92,0
TX000948,2026-09-21 10:03:08,ACC1273,ACC1146,80849.65,0
TX000949,2026-09-21 09:31:36,ACC1012,ACC1195,5401.19,0
TX000950,2026-09-21 09:31:38,ACC1136,ACC1384,98354.89,0
TX000951,2026-09-21 09:15:50,ACC1074,ACC1429,69090.43,0
TX000952,2026-09-21 09:15:51,ACC1385,ACC1277,35932.38,0
TX000953,2026-09-21 10:19:20,ACC1315,ACC1444,86497.66,0
TX000954,2026-09-21 09:31:46,ACC1287,ACC1199,51141.14,0
TX000955,2026-09-21 09:15:54,ACC1356,ACC1147,92655.83,0
TX000956,2026-09-21 09:47:45,ACC1489,ACC1403,96586.74,1
TX000957,2026-09-21 09:31:52,ACC1380,ACC1128,62094.11,0
TX000958,2026-09-21 09:31:54,ACC1445,ACC1226,91157.49,0
TX000959,2026-09-21 10:19:50,ACC1331,ACC1188,54706.85,0
TX000960,2026-09-21 09:31:58,ACC1397,ACC1371,29488.35,0
TX000961,2026-09-21 09:32:00,ACC1349,ACC1038,96251.28,0
TX000962,2026-09-21 09:16:01,ACC1061,ACC1193,42907.93,0
TX000963,2026-09-21 10:20:10,ACC1066,ACC1082,84616.82,1
TX000964,2026-09-21 09:32:06,ACC1238,ACC1363,4090.06,0
TX000965,2026-09-21 10:20:20,ACC1305,ACC1026,84329.68,0
TX000966,2026-09-21 10:20:25,ACC1404,ACC1293,35872.75,0
TX000967,2026-09-21 09:32:12,ACC1162,ACC1269,95703.07,0
TX000968,2026-09-21 09:32:14,ACC1402,ACC1258,41651.53,0
TX000969,2026-09-21 09:32:16,ACC1047,ACC1178,88351.33,0
TX000970,2026-09-21 09:48:27,ACC1169,ACC1184,21922.68,0
TX000971,2026-09-21 10:20:50,ACC1271,ACC1243,82386.47,0
TX000972,2026-09-21 09:48:33,ACC1004,ACC1058,44622.16,0
TX000973,2026-09-21 10:21:00,ACC1314,ACC1470,24458.33,1
TX000974,2026-09-21 10:04:52,ACC1453,ACC1164,91601.65,0
TX000975,2026-09-21 10:21:10,ACC1197,ACC1131,72425.16,1
TX000976,2026-09-21 09:48:45,ACC1264,ACC1420,51479.48,0
TX000977,2026-09-21 09:48:48,ACC1249,ACC1022,89838.33,0
TX000978,2026-09-21 09:16:17,ACC1263,ACC1042,16822.74,0
TX000979,2026-09-21 09:16:18,ACC1275,ACC1273,62730.61,0
TX000980,2026-09-21 09:32:38,ACC1322,ACC1396,86508.59,0
TX000981,2026-09-21 10:21:40,ACC1053,ACC1105,82891.99,0
TX000982,2026-09-21 10:05:24,ACC1379,ACC1396,64691.46,0
TX000983,2026-09-21 09:32:44,ACC1382,ACC1351,2472.92,0
TX000984,2026-09-21 09:16:23,ACC1019,ACC1044,5521.38,0
TX000985,2026-09-21 10:22:00,ACC1285,ACC1036,82179.77,0
TX000986,2026-09-21 10:05:40,ACC1208,ACC1198,63058.7,0
TX000987,2026-09-21 09:16:26,ACC1008,ACC1199,53529.95,0
TX000988,2026-09-21 10:22:15,ACC1316,ACC1032,4647.13,0
TX000989,2026-09-21 10:22:20,ACC1183,ACC1475,10702.94,0
TX000990,2026-09-21 09:16:29,ACC1154,ACC1310,28223.59,0
TX000991,2026-09-21 09:16:30,ACC1195,ACC1202,47451.37,0
TX000992,2026-09-21 10:06:04,ACC1069,ACC1382,79697.37,0
TX000993,2026-09-21 09:33:04,ACC1151,ACC1491,29875.84,0
TX000994,2026-09-21 09:49:39,ACC1494,ACC1407,95743.43,1
TX000995,2026-09-21 09:33:08,ACC1447,ACC1284,12411.19,1
TX000996,2026-09-21 10:22:55,ACC1305,ACC1201,54797.79,0
TX000997,2026-09-21 09:49:48,ACC1107,ACC1383,21252.52,0
TX000998,2026-09-21 09:33:14,ACC1435,ACC1262,16179.34,0
TX000999,2026-09-21 09:33:16,ACC1427,ACC1129,11550.79,0
TX001000,2026-09-21 09:16:39,ACC1290,ACC1436,85153.63,0
TX001001,2026-09-21 10:23:20,ACC1281,ACC1236,7407.14,0
TX001002,2026-09-21 09:33:22,ACC1128,ACC1050,72586.37,0
TX001003,2026-09-21 09:33:24,ACC1169,ACC1182,67162.43,0
TX001004,2026-09-21 09:16:43,ACC1145,ACC1317,90021.85,0
TX001005,2026-09-21 10:23:40,ACC1230,ACC1168,65976.28,0
TX001006,2026-09-21 10:23:45,ACC1078,ACC1289,36512.89,0
TX001007,2026-09-21 09:16:46,ACC1219,ACC1086,31390.16,0
TX001008,2026-09-21 10:07:08,ACC1364,ACC1378,27740.32,0
TX001009,2026-09-21 09:50:24,ACC1347,ACC1375,87800.79,0
TX001010,2026-09-21 09:50:27,ACC1183,ACC1396,48748.44,0
TX001011,2026-09-21 09:16:50,ACC1330,ACC1310,84195.12,0
TX001012,2026-09-21 10:24:15,ACC1071,ACC1456,19723.55,0
TX001013,2026-09-21 09:16:52,ACC1320,ACC1039,89221.31,0
TX001014,2026-09-21 10:24:25,ACC1323,ACC1015,57932.19,0
TX001015,2026-09-21 09:16:54,ACC1108,ACC1464,55204.24,0
TX001016,2026-09-21 09:33:50,ACC1276,ACC1241,36645.28,0
TX001017,2026-09-21 09:50:48,ACC1395,ACC1301,13474.74,0
TX001018,2026-09-21 09:50:51,ACC1046,ACC1203,50266.51,0
TX001019,2026-09-21 10:24:50,ACC1434,ACC1493,68447.75,0
TX001020,2026-09-21 09:33:58,ACC1071,ACC1228,17996.6,0
TX001021,2026-09-21 09:34:00,ACC1337,ACC1446,73618.39,0
TX001022,2026-09-21 09:34:02,ACC1183,ACC1020,76171.09,0
TX001023,2026-09-21 09:34:04,ACC1135,ACC1189,4376.56,0
TX001024,2026-09-21 09:51:09,ACC1464,ACC1405,38870.5,0
TX001025,2026-09-21 09:17:04,ACC1451,ACC1023,98060.92,0
TX001026,2026-09-21 10:25:25,ACC1360,ACC1495,63393.34,0
TX001027,2026-09-21 10:25:30,ACC1379,ACC1134,54480.57,0
TX001028,2026-09-21 09:51:21,ACC1334,ACC1193,58809.11,0
TX001029,2026-09-21 09:51:24,ACC1039,ACC1264,37695.25,0
TX001030,2026-09-21 09:51:27,ACC1264,ACC1207,81741.95,0
TX001031,2026-09-21 10:25:50,ACC1405,ACC1246,759.11,0
TX001032,2026-09-21 09:34:22,ACC1225,ACC1084,7801.11,0
TX001033,2026-09-21 09:34:24,ACC1108,ACC1076,15820.0,0
TX001034,2026-09-21 09:34:26,ACC1418,ACC1060,41519.91,0
TX001035,2026-09-21 10:08:56,ACC1058,ACC1246,47954.21,0
TX001036,2026-09-21 10:09:00,ACC1331,ACC1426,2342.36,0
TX001037,2026-09-21 09:34:32,ACC1293,ACC1303,13558.93,0
TX001038,2026-09-21 09:34:34,ACC1456,ACC1293,5685.61,0
TX001039,2026-09-21 10:09:12,ACC1092,ACC1264,59975.82,0
TX001040,2026-09-21 09:51:57,ACC1009,ACC1449,94730.66,0
TX001041,2026-09-21 10:09:20,ACC1310,ACC1241,17139.62,0
TX001042,2026-09-21 10:26:45,ACC1307,ACC1073,82063.27,0
TX001043,2026-09-21 09:52:06,ACC1337,ACC1261,16855.4,0
TX001044,2026-09-21 10:26:55,ACC1472,ACC1232,59100.54,0
TX001045,2026-09-21 09:17:24,ACC1197,ACC1067,1754.61,0
TX001046,2026-09-21 10:09:40,ACC1465,ACC1258,82668.77,0
TX001047,2026-09-21 10:27:10,ACC1090,ACC1243,60021.4,0
TX001048,2026-09-21 09:17:27,ACC1272,ACC1257,9409.68,0
TX001049,2026-09-21 10:27:20,ACC1461,ACC1308,82769.43,0
TX001050,2026-09-21 10:09:56,ACC1396,ACC1347,52252.22,0
TX001051,2026-09-21 10:27:30,ACC1022,ACC1357,42952.73,0
TX001052,2026-09-21 10:10:04,ACC1246,ACC1404,35116.73,0
TX001053,2026-09-21 10:27:40,ACC1464,ACC1389,9861.92,0
TX001054,2026-09-21 09:35:06,ACC1244,ACC1392,91017.53,1
TX001055,2026-09-21 10:27:50,ACC1306,ACC1448,40923.81,0
TX001056,2026-09-21 09:17:35,ACC1363,ACC1380,57840.92,0
TX001057,2026-09-21 09:35:12,ACC1003,ACC1192,68807.9,0
TX001058,2026-09-21 09:35:14,ACC1185,ACC1054,42664.55,0
TX001059,2026-09-21 10:28:10,ACC1133,ACC1437,42413.8,0
TX001060,2026-09-21 10:10:36,ACC1141,ACC1348,75521.69,0
TX001061,2026-09-21 10:10:40,ACC1401,ACC1285,17954.09,0
TX001062,2026-09-21 09:53:03,ACC1247,ACC1129,57807.35,0
TX001063,2026-09-21 09:35:24,ACC1203,ACC1376,85514.39,0
TX001064,2026-09-21 10:10:52,ACC1382,ACC1117,78332.62,0
TX001065,2026-09-21 10:28:40,ACC1051,ACC1109,40116.03,0
TX001066,2026-09-21 09:17:45,ACC1281,ACC1314,16157.73,0
TX001067,2026-09-21 09:17:46,ACC1002,ACC1411,82343.22,0
TX001068,2026-09-21 09:17:47,ACC1307,ACC1222,6501.64,0
TX001069,2026-09-21 09:17:48,ACC1040,ACC1311,72477.02,0
TX001070,2026-09-21 10:29:05,ACC1205,ACC1314,28718.28,0
TX001071,2026-09-21 09:35:40,ACC1029,ACC1484,64065.1,0
TX001072,2026-09-21 10:29:15,ACC1103,ACC1435,28672.05,1
TX001073,2026-09-21 10:29:20,ACC1306,ACC1261,69875.13,0
TX001074,2026-09-21 09:53:39,ACC1345,ACC1018,24001.74,1
TX001075,2026-09-21 09:53:42,ACC1080,ACC1044,77989.32,0
TX001076,2026-09-21 10:29:35,ACC1202,ACC1207,20111.01,1
TX001077,2026-09-21 09:17:56,ACC1360,ACC1035,55004.31,0
TX001078,2026-09-21 10:29:45,ACC1286,ACC1468,34874.72,0
TX001079,2026-09-21 10:29:50,ACC1141,ACC1115,96309.41,0
TX001080,2026-09-21 09:17:59,ACC1206,ACC1294,26184.64,0
TX001081,2026-09-21 09:18:00,ACC1054,ACC1286,50366.6,0
TX001082,2026-09-21 10:30:05,ACC1059,ACC1411,95675.26,0
TX001083,2026-09-21 10:30:10,ACC1416,ACC1406,25089.14,0
TX001084,2026-09-21 10:12:12,ACC1193,ACC1288,77019.72,0
TX001085,2026-09-21 10:12:16,ACC1492,ACC1397,68191.31,0
TX001086,2026-09-21 10:12:20,ACC1441,ACC1014,11715.2,0
TX001087,2026-09-21 09:36:12,ACC1324,ACC1403,67723.61,0
TX001088,2026-09-21 09:54:21,ACC1161,ACC1211,51698.77,1
TX001089,2026-09-21 09:36:16,ACC1426,ACC1134,28800.23,0
TX001090,2026-09-21 09:54:27,ACC1383,ACC1420,7695.28,0
TX001091,2026-09-21 09:54:30,ACC1243,ACC1160,21934.76,0
TX001092,2026-09-21 09:36:22,ACC1093,ACC1484,49950.03,0
TX001093,2026-09-21 09:54:36,ACC1376,ACC1123,20757.19,0
TX001094,2026-09-21 10:31:05,ACC1127,ACC1428,35667.13,0
TX001095,2026-09-21 09:18:14,ACC1061,ACC1471,67613.63,0
TX001096,2026-09-21 10:31:15,ACC1314,ACC1003,95803.51,0
TX001097,2026-09-21 09:54:48,ACC1190,ACC1317,49284.8,0
TX001098,2026-09-21 09:54:51,ACC1459,ACC1294,49131.45,0
TX001099,2026-09-21 09:54:54,ACC1468,ACC1261,39848.16,0
TX001100,2026-09-21 10:31:35,ACC1065,ACC1027,79947.06,0
TX001101,2026-09-21 10:31:40,ACC1276,ACC1016,34794.17,0
TX001102,2026-09-21 10:13:24,ACC1397,ACC1089,97653.07,0
TX001103,2026-09-21 09:18:22,ACC1235,ACC1161,1280.82,0
TX001104,2026-09-21 09:55:09,ACC1297,ACC1051,36224.07,0
TX001105,2026-09-21 09:55:12,ACC1095,ACC1280,23790.2,0
TX001106,2026-09-21 09:55:15,ACC1313,ACC1175,18472.98,0
TX001107,2026-09-21 09:55:18,ACC1214,ACC1358,36571.29,0
TX001108,2026-09-21 10:32:15,ACC1230,ACC1092,13200.8,0
TX001109,2026-09-21 09:18:28,ACC1117,ACC1416,72109.46,0
TX001110,2026-09-21 10:13:56,ACC1284,ACC1221,19686.72,0
TX001111,2026-09-21 10:14:00,ACC1378,ACC1076,80586.27,0
TX001112,2026-09-21 10:32:35,ACC1255,ACC1068,53444.86,0
TX001113,2026-09-21 09:55:36,ACC1249,ACC1153,56257.63,0
TX001114,2026-09-21 09:37:06,ACC1203,ACC1050,6097.63,0
TX001115,2026-09-21 09:18:34,ACC1243,ACC1429,45040.5,0
TX001116,2026-09-21 10:32:55,ACC1184,ACC1286,93191.27,0
TX001117,2026-09-21 09:18:36,ACC1010,ACC1210,35173.94,0
TX001118,2026-09-21 10:33:05,ACC1310,ACC1101,57631.86,0
TX001119,2026-09-21 09:55:54,ACC1089,ACC1399,35575.39,0
TX001120,2026-09-21 10:14:36,ACC1249,ACC1396,88974.28,0
TX001121,2026-09-21 09:37:20,ACC1146,ACC1237,86838.94,0
TX001122,2026-09-21 10:14:44,ACC1475,ACC1172,63164.21,0
TX001123,2026-09-21 09:18:42,ACC1434,ACC1464,8003.28,0
TX001124,2026-09-21 09:56:09,ACC1160,ACC1162,71072.31,0
TX001125,2026-09-21 10:14:56,ACC1202,ACC1138,78119.31,0
TX001126,2026-09-21 10:33:45,ACC1382,ACC1300,96556.05,0
TX001127,2026-09-21 09:18:46,ACC1094,ACC1437,12591.49,0
TX001128,2026-09-21 09:18:47,ACC1128,ACC1481,21136.09,0
TX001129,2026-09-21 10:15:12,ACC1048,ACC1032,54888.53,1
TX001130,2026-09-21 09:18:49,ACC1203,ACC1268,10482.45,0
TX001131,2026-09-21 10:15:20,ACC1043,ACC1335,31006.13,0
TX001132,2026-09-21 09:37:42,ACC1145,ACC1226,13214.58,0
TX001133,2026-09-21 09:56:36,ACC1014,ACC1017,86050.84,0
TX001134,2026-09-21 10:34:25,ACC1243,ACC1239,93492.27,0
TX001135,2026-09-21 10:34:30,ACC1069,ACC1496,17785.96,0
TX001136,2026-09-21 10:34:35,ACC1323,ACC1383,43554.24,0
TX001137,2026-09-21 09:56:48,ACC1273,ACC1158,48217.0,0
TX001138,2026-09-21 09:56:51,ACC1045,ACC1226,36641.75,0
TX001139,2026-09-21 09:18:58,ACC1155,ACC1005,52379.29,0
TX001140,2026-09-21 09:56:57,ACC1069,ACC1176,46972.88,1
TX001141,2026-09-21 10:16:00,ACC1472,ACC1251,30031.09,0
TX001142,2026-09-21 10:35:05,ACC1408,ACC1149,23198.42,1
TX001143,2026-09-21 10:16:08,ACC1191,ACC1096,88227.99,0
TX001144,2026-09-21 10:16:12,ACC1127,ACC1083,82859.84,0
TX001145,2026-09-21 09:38:08,ACC1040,ACC1216,51709.35,0
TX001146,2026-09-21 09:57:15,ACC1313,ACC1413,28539.22,0
TX001147,2026-09-21 10:16:24,ACC1414,ACC1137,18881.26,0
TX001148,2026-09-21 09:19:07,ACC1069,ACC1148,63725.58,0
TX001149,2026-09-21 10:35:40,ACC1139,ACC1358,49250.4,0
TX001150,2026-09-21 10:35:45,ACC1077,ACC1025,2310.88,0
TX001151,2026-09-21 09:38:20,ACC1144,ACC1137,71548.07,0
TX001152,2026-09-21 09:38:22,ACC1119,ACC1046,1571.01,0
TX001153,2026-09-21 10:16:48,ACC1215,ACC1159,99796.55,0
TX001154,2026-09-21 09:57:39,ACC1405,ACC1016,8114.29,0
TX001155,2026-09-21 09:57:42,ACC1074,ACC1028,77587.73,1
TX001156,2026-09-21 09:38:30,ACC1240,ACC1092,89580.33,0
TX001157,2026-09-21 09:19:16,ACC1195,ACC1424,12283.96,0
TX001158,2026-09-21 10:17:08,ACC1127,ACC1197,24791.5,0
TX001159,2026-09-21 09:19:18,ACC1101,ACC1235,52161.8,0
TX001160,2026-09-21 09:57:57,ACC1242,ACC1199,93627.9,0
TX001161,2026-09-21 10:36:40,ACC1372,ACC1021,52140.53,0
TX001162,2026-09-21 09:38:42,ACC1326,ACC1152,36106.62,1
TX001163,2026-09-21 09:19:22,ACC1341,ACC1111,23672.99,0
TX001164,2026-09-21 09:58:09,ACC1007,ACC1085,58511.22,0
TX001165,2026-09-21 09:19:24,ACC1124,ACC1004,58149.59,0
TX001166,2026-09-21 09:38:50,ACC1352,ACC1305,37202.73,0
TX001167,2026-09-21 09:19:26,ACC1080,ACC1255,68625.87,0
TX001168,2026-09-21 09:19:27,ACC1496,ACC1388,6071.54,0
TX001169,2026-09-21 09:19:28,ACC1359,ACC1274,12670.16,0
TX001170,2026-09-21 09:58:27,ACC1285,ACC1403,80571.99,0
TX001171,2026-09-21 10:18:00,ACC1098,ACC1010,35880.93,0
TX001172,2026-09-21 10:18:04,ACC1460,ACC1020,70691.94,0
TX001173,2026-09-21 10:18:08,ACC1277,ACC1356,19058.61,0
TX001174,2026-09-21 10:18:12,ACC1178,ACC1165,27604.91,0
TX001175,2026-09-21 10:37:50,ACC1468,ACC1440,16118.31,0
TX001176,2026-09-21 09:58:45,ACC1230,ACC1151,54206.43,0
TX001177,2026-09-21 10:38:00,ACC1397,ACC1326,37966.45,0
TX001178,2026-09-21 09:58:51,ACC1009,ACC1317,77624.06,0
TX001179,2026-09-21 10:38:10,ACC1369,ACC1032,81923.07,0
TX001180,2026-09-21 10:38:15,ACC1349,ACC1254,15497.74,0
TX001181,2026-09-21 09:59:00,ACC1209,ACC1328,11135.37,0
TX001182,2026-09-21 09:39:22,ACC1034,ACC1022,17946.02,1
TX001183,2026-09-21 09:39:24,ACC1054,ACC1248,9965.48,0
TX001184,2026-09-21 10:18:52,ACC1428,ACC1198,52629.55,0
TX001185,2026-09-21 09:59:12,ACC1131,ACC1025,22150.21,0
TX001186,2026-09-21 09:39:30,ACC1006,ACC1476,65609.36,0
TX001187,2026-09-21 10:19:04,ACC1426,ACC1040,80121.89,1
TX001188,2026-09-21 10:19:08,ACC1285,ACC1380,82220.45,0
TX001189,2026-09-21 10:39:00,ACC1029,ACC1421,26654.98,1
TX001190,2026-09-21 09:59:27,ACC1036,ACC1427,7885.74,0
TX001191,2026-09-21 09:19:50,ACC1265,ACC1049,72544.68,0
TX001192,2026-09-21 10:39:15,ACC1097,ACC1098,65721.96,0
TX001193,2026-09-21 10:39:20,ACC1485,ACC1091,74944.52,0
TX001194,2026-09-21 10:39:25,ACC1054,ACC1392,35860.54,0
TX001195,2026-09-21 09:19:54,ACC1340,ACC1218,16764.25,0
TX001196,2026-09-21 09:59:45,ACC1205,ACC1258,65787.43,0
TX001197,2026-09-21 09:59:48,ACC1307,ACC1226,90258.25,0
TX001198,2026-09-21 09:59:51,ACC1166,ACC1432,41293.09,0
TX001199,2026-09-21 09:59:54,ACC1422,ACC1371,60880.5,0
TX001200,2026-09-21 10:39:55,ACC1109,ACC1192,92622.08,0
TX001201,2026-09-21 10:20:00,ACC1492,ACC1231,95986.46,1
TX001202,2026-09-21 10:40:05,ACC1017,ACC1145,1728.61,0
TX001203,2026-09-21 09:20:02,ACC1455,ACC1154,30103.36,0
TX001204,2026-09-21 09:20:03,ACC1438,ACC1161,77175.15,0
TX001205,2026-09-21 10:40:20,ACC1421,ACC1141,51176.02,0
TX001206,2026-09-21 09:20:05,ACC1292,ACC1079,3869.86,0
TX001207,2026-09-21 10:00:18,ACC1070,ACC1135,88973.57,0
TX001208,2026-09-21 10:00:21,ACC1131,ACC1415,9281.32,0
TX001209,2026-09-21 09:20:08,ACC1469,ACC1111,72385.69,0
TX001210,2026-09-21 10:40:45,ACC1088,ACC1249,81969.57,1
TX001211,2026-09-21 09:20:10,ACC1328,ACC1153,73105.86,0
TX001212,2026-09-21 09:20:11,ACC1040,ACC1399,92194.96,0
TX001213,2026-09-21 10:20:48,ACC1450,ACC1418,41710.52,0
TX001214,2026-09-21 09:40:26,ACC1445,ACC1394,74793.1,0
TX001215,2026-09-21 10:20:56,ACC1475,ACC1005,5507.38,0
TX001216,2026-09-21 10:41:15,ACC1163,ACC1276,15043.04,0
TX001217,2026-09-21 09:20:16,ACC1113,ACC1078,67396.16,0
TX001218,2026-09-21 10:41:25,ACC1497,ACC1228,57567.96,0
TX001219,2026-09-21 10:21:12,ACC1221,ACC1148,14886.44,0
TX001220,2026-09-21 09:20:19,ACC1243,ACC1292,54860.43,0
TX001221,2026-09-21 10:21:20,ACC1204,ACC1256,77405.13,0
TX001222,2026-09-21 10:41:45,ACC1069,ACC1246,19891.04,0
TX001223,2026-09-21 10:41:50,ACC1292,ACC1100,61638.08,0
TX001224,2026-09-21 09:20:23,ACC1126,ACC1124,26699.08,0
TX001225,2026-09-21 10:42:00,ACC1350,ACC1473,9050.51,0
TX001226,2026-09-21 10:01:15,ACC1216,ACC1187,19129.93,0
TX001227,2026-09-21 10:01:18,ACC1335,ACC1012,17008.6,0
TX001228,2026-09-21 10:21:48,ACC1420,ACC1411,62355.9,0
TX001229,2026-09-21 09:40:56,ACC1473,ACC1418,20048.55,0
TX001230,2026-09-21 09:20:29,ACC1387,ACC1372,11325.94,0
TX001231,2026-09-21 09:41:00,ACC1485,ACC1317,86888.36,0
TX001232,2026-09-21 09:20:31,ACC1007,ACC1175,30581.29,0
TX001233,2026-09-21 10:42:40,ACC1169,ACC1107,21266.34,0
TX001234,2026-09-21 10:42:45,ACC1384,ACC1132,48354.33,0
TX001235,2026-09-21 09:20:34,ACC1072,ACC1355,37723.01,0
TX001236,2026-09-21 10:01:45,ACC1269,ACC1022,17114.93,0
TX001237,2026-09-21 10:43:00,ACC1404,ACC1356,27201.02,0
TX001238,2026-09-21 09:20:37,ACC1483,ACC1004,38925.65,0
TX001239,2026-09-21 10:01:54,ACC1436,ACC1467,86441.8,1
TX001240,2026-09-21 10:22:36,ACC1444,ACC1452,23193.75,0
TX001241,2026-09-21 10:02:00,ACC1363,ACC1050,48517.75,0
TX001242,2026-09-21 09:41:22,ACC1045,ACC1095,50115.02,0
TX001243,2026-09-21 09:20:42,ACC1474,ACC1364,4071.27,0
TX001244,2026-09-21 10:22:52,ACC1156,ACC1170,39400.64,0
TX001245,2026-09-21 10:02:12,ACC1177,ACC1350,35602.28,0
TX001246,2026-09-21 09:20:45,ACC1256,ACC1141,62616.66,0
TX001247,2026-09-21 09:20:46,ACC1455,ACC1417,94419.26,0
TX001248,2026-09-21 10:02:21,ACC1115,ACC1077,89727.81,0
TX001249,2026-09-21 10:23:12,ACC1044,ACC1373,52119.71,0
TX001250,2026-09-21 09:41:38,ACC1446,ACC1320,41791.6,0
TX001251,2026-09-21 10:02:30,ACC1218,ACC1496,90982.57,0
TX001252,2026-09-21 09:41:42,ACC1277,ACC1067,65282.02,0
TX001253,2026-09-21 09:41:44,ACC1350,ACC1409,86272.51,0
TX001254,2026-09-21 10:44:25,ACC1361,ACC1460,90965.32,0
TX001255,2026-09-21 09:41:48,ACC1465,ACC1499,65657.55,0
TX001256,2026-09-21 09:20:55,ACC1080,ACC1162,55778.3,0
TX001257,2026-09-21 10:02:48,ACC1060,ACC1094,83968.3,0
TX001258,2026-09-21 10:02:51,ACC1015,ACC1391,88025.18,0
TX001259,2026-09-21 10:23:52,ACC1210,ACC1155,74586.41,0
TX001260,2026-09-21 10:02:57,ACC1326,ACC1477,15280.51,0
TX001261,2026-09-21 09:21:00,ACC1067,ACC1094,76268.5,0
TX001262,2026-09-21 10:45:05,ACC1136,ACC1310,61274.97,0
TX001263,2026-09-21 09:21:02,ACC1118,ACC1351,35990.21,0
TX001264,2026-09-21 10:45:15,ACC1244,ACC1068,84629.21,0
TX001265,2026-09-21 09:42:08,ACC1332,ACC1191,85227.73,0
TX001266,2026-09-21 09:42:10,ACC1070,ACC1083,22704.68,0
TX001267,2026-09-21 10:03:18,ACC1496,ACC1007,95024.78,0
TX001268,2026-09-21 09:42:14,ACC1343,ACC1103,6707.02,0
TX001269,2026-09-21 10:45:40,ACC1224,ACC1443,49045.3,0
TX001270,2026-09-21 09:42:18,ACC1234,ACC1454,42812.81,0
TX001271,2026-09-21 10:24:40,ACC1311,ACC1376,72048.07,0
TX001272,2026-09-21 10:45:55,ACC1480,ACC1380,59421.2,0
TX001273,2026-09-21 09:21:12,ACC1448,ACC1360,52112.84,0
TX001274,2026-09-21 09:21:13,ACC1423,ACC1449,87790.22,0
TX001275,2026-09-21 09:21:14,ACC1275,ACC1202,55814.32,0
TX001276,2026-09-21 09:21:15,ACC1322,ACC1492,19066.05,0
TX001277,2026-09-21 10:03:48,ACC1452,ACC1155,46188.58,0
TX001278,2026-09-21 09:21:17,ACC1313,ACC1470,69026.3,0
TX001279,2026-09-21 10:25:12,ACC1237,ACC1424,9135.04,0
TX001280,2026-09-21 10:46:35,ACC1092,ACC1398,93790.46,0
TX001281,2026-09-21 10:25:20,ACC1069,ACC1201,32413.75,1
TX001282,2026-09-21 09:42:42,ACC1232,ACC1302,88266.59,1
TX001283,2026-09-21 09:42:44,ACC1165,ACC1354,71865.63,0
TX001284,2026-09-21 10:25:32,ACC1058,ACC1361,63443.83,1
TX001285,2026-09-21 10:47:00,ACC1362,ACC1196,61246.05,0
TX001286,2026-09-21 09:21:25,ACC1281,ACC1194,76849.21,0
TX001287,2026-09-21 09:42:52,ACC1289,ACC1446,16296.2,0
TX001288,2026-09-21 09:21:27,ACC1393,ACC1364,42016.21,0
TX001289,2026-09-21 10:25:52,ACC1393,ACC1492,28949.18,0
TX001290,2026-09-21 09:42:58,ACC1460,ACC1067,452.94,0
TX001291,2026-09-21 10:26:00,ACC1006,ACC1234,85555.56,0
TX001292,2026-09-21 10:26:04,ACC1002,ACC1311,23864.05,0
TX001293,2026-09-21 10:26:08,ACC1243,ACC1232,44243.35,0
TX001294,2026-09-21 10:47:45,ACC1003,ACC1125,27883.48,0
TX001295,2026-09-21 09:43:08,ACC1419,ACC1422,4986.99,0
TX001296,2026-09-21 09:21:35,ACC1334,ACC1178,14622.9,1
TX001297,2026-09-21 10:48:00,ACC1295,ACC1429,29914.31,0
TX001298,2026-09-21 10:26:28,ACC1025,ACC1055,99374.14,0
TX001299,2026-09-21 10:48:10,ACC1145,ACC1312,57271.03,0
TX001300,2026-09-21 10:48:15,ACC1494,ACC1233,36082.85,1
TX001301,2026-09-21 10:05:00,ACC1393,ACC1153,36920.09,0
TX001302,2026-09-21 10:26:44,ACC1034,ACC1388,84346.63,1
TX001303,2026-09-21 09:21:42,ACC1241,ACC1068,69492.48,0
TX001304,2026-09-21 10:48:35,ACC1269,ACC1211,21063.55,0
TX001305,2026-09-21 10:48:40,ACC1029,ACC1055,72999.88,0
TX001306,2026-09-21 10:48:45,ACC1044,ACC1247,93395.78,0
TX001307,2026-09-21 10:48:50,ACC1147,ACC1218,84795.02,0
TX001308,2026-09-21 10:05:21,ACC1294,ACC1319,92717.83,0
TX001309,2026-09-21 10:27:12,ACC1254,ACC1266,49301.19,0
TX001310,2026-09-21 10:05:27,ACC1312,ACC1119,97927.84,1
TX001311,2026-09-21 09:21:50,ACC1012,ACC1238,73773.09,0
TX001312,2026-09-21 10:27:24,ACC1315,ACC1212,4644.67,0
TX001313,2026-09-21 09:43:44,ACC1412,ACC1326,1228.6,0
TX001314,2026-09-21 09:21:53,ACC1144,ACC1130,30846.48,0
TX001315,2026-09-21 09:21:54,ACC1165,ACC1392,11472.29,0
TX001316,2026-09-21 10:49:35,ACC1202,ACC1370,61637.73,1
TX001317,2026-09-21 10:05:48,ACC1089,ACC1099,83399.15,0
TX001318,2026-09-21 10:27:48,ACC1245,ACC1469,79745.71,0
TX001319,2026-09-21 10:27:52,ACC1246,ACC1079,89216.63,0
TX001320,2026-09-21 10:27:56,ACC1171,ACC1236,92786.22,1
TX001321,2026-09-21 10:50:00,ACC1266,ACC1153,72523.92,0
TX001322,2026-09-21 09:44:02,ACC1274,ACC1009,57782.02,0
TX001323,2026-09-21 10:06:06,ACC1469,ACC1454,6714.68,0
TX001324,2026-09-21 10:06:09,ACC1430,ACC1015,98363.52,0
TX001325,2026-09-21 10:50:20,ACC1431,ACC1084,60608.34,0
TX001326,2026-09-21 10:06:15,ACC1059,ACC1442,70556.09,0
TX001327,2026-09-21 10:28:24,ACC1016,ACC1139,8771.1,0
TX001328,2026-09-21 10:06:21,ACC1190,ACC1231,21692.37,0
TX001329,2026-09-21 09:22:08,ACC1057,ACC1191,77801.26,0
TX001330,2026-09-21 09:22:09,ACC1227,ACC1259,79922.63,0
TX001331,2026-09-21 10:06:30,ACC1078,ACC1097,92371.31,0
TX001332,2026-09-21 10:06:33,ACC1268,ACC1158,14415.18,0
TX001333,2026-09-21 10:51:00,ACC1420,ACC1480,67704.06,0
TX001334,2026-09-21 10:28:52,ACC1370,ACC1018,38820.06,0
TX001335,2026-09-21 10:06:42,ACC1059,ACC1002,93240.5,0
TX001336,2026-09-21 09:22:15,ACC1304,ACC1446,33395.65,0
TX001337,2026-09-21 10:06:48,ACC1052,ACC1266,2345.78,0
TX001338,2026-09-21 09:44:34,ACC1327,ACC1456,32155.95,0
TX001339,2026-09-21 10:06:54,ACC1141,ACC1272,77301.43,0
TX001340,2026-09-21 09:44:38,ACC1139,ACC1076,27436.32,1
TX001341,2026-09-21 10:51:40,ACC1318,ACC1286,10327.29,0
TX001342,2026-09-21 10:07:03,ACC1281,ACC1163,14241.53,0
TX001343,2026-09-21 09:44:44,ACC1145,ACC1293,17210.37,0
TX001344,2026-09-21 10:51:55,ACC1456,ACC1173,44420.4,0
TX001345,2026-09-21 09:22:24,ACC1241,ACC1462,10682.1,0
TX001346,2026-09-21 09:44:50,ACC1218,ACC1200,70497.29,0
TX001347,2026-09-21 10:29:44,ACC1322,ACC1428,61669.9,0
TX001348,2026-09-21 10:52:15,ACC1418,ACC1101,7946.71,0
TX001349,2026-09-21 10:52:20,ACC1391,ACC1238,13266.35,0
TX001350,2026-09-21 10:29:56,ACC1470,ACC1357,9816.57,0
TX001351,2026-09-21 10:30:00,ACC1329,ACC1363,47107.53,0
TX001352,2026-09-21 10:52:35,ACC1073,ACC1440,25879.47,0
TX001353,2026-09-21 10:07:36,ACC1093,ACC1358,78898.99,0
TX001354,2026-09-21 09:22:33,ACC1232,ACC1249,6629.98,0
TX001355,2026-09-21 09:45:08,ACC1245,ACC1236,28297.51,0
TX001356,2026-09-21 10:52:55,ACC1294,ACC1065,10382.93,0
TX001357,2026-09-21 10:07:48,ACC1407,ACC1054,55659.37,1
TX001358,2026-09-21 10:30:28,ACC1154,ACC1272,40141.57,0
TX001359,2026-09-21 10:53:10,ACC1317,ACC1124,15986.13,0
TX001360,2026-09-21 09:45:18,ACC1033,ACC1174,81410.18,0
TX001361,2026-09-21 10:53:20,ACC1401,ACC1222,78753.94,0
TX001362,2026-09-21 09:22:41,ACC1120,ACC1088,73962.77,0
TX001363,2026-09-21 09:22:42,ACC1428,ACC1249,59257.1,0
TX001364,2026-09-21 10:30:52,ACC1284,ACC1049,17699.78,0
TX001365,2026-09-21 09:22:44,ACC1035,ACC1306,68582.32,0
TX001366,2026-09-21 10:08:15,ACC1419,ACC1194,49480.09,0
TX001367,2026-09-21 09:45:32,ACC1046,ACC1111,88737.43,0
TX001368,2026-09-21 09:22:47,ACC1325,ACC1414,75732.06,0
TX001369,2026-09-21 10:08:24,ACC1231,ACC1272,39059.27,0
TX001370,2026-09-21 10:08:27,ACC1100,ACC1105,30043.56,0
TX001371,2026-09-21 10:31:20,ACC1347,ACC1155,71807.34,0
TX001372,2026-09-21 09:22:51,ACC1045,ACC1298,61187.93,0
TX001373,2026-09-21 10:08:36,ACC1433,ACC1065,6334.81,0
TX001374,2026-09-21 09:22:53,ACC1495,ACC1027,70365.08,0
TX001375,2026-09-21 10:08:42,ACC1183,ACC1056,86581.4,0
TX001376,2026-09-21 10:31:40,ACC1359,ACC1302,62558.91,0
TX001377,2026-09-21 10:31:44,ACC1207,ACC1195,54557.37,0
TX001378,2026-09-21 09:45:54,ACC1243,ACC1071,55586.62,0
TX001379,2026-09-21 10:31:52,ACC1184,ACC1430,15511.3,0
TX001380,2026-09-21 09:45:58,ACC1343,ACC1064,1259.11,0
TX001381,2026-09-21 10:32:00,ACC1073,ACC1369,65826.88,0
TX001382,2026-09-21 09:46:02,ACC1069,ACC1043,64260.07,0
TX001383,2026-09-21 10:55:10,ACC1233,ACC1457,93038.07,0
TX001384,2026-09-21 10:32:12,ACC1232,ACC1260,55249.8,0
TX001385,2026-09-21 09:46:08,ACC1181,ACC1115,42534.71,1
TX001386,2026-09-21 09:46:10,ACC1255,ACC1433,71241.79,0
TX001387,2026-09-21 10:55:30,ACC1474,ACC1279,36760.31,0
TX001388,2026-09-21 10:09:21,ACC1290,ACC1247,11405.12,0
TX001389,2026-09-21 09:46:16,ACC1353,ACC1040,73045.53,0
TX001390,2026-09-21 10:09:27,ACC1439,ACC1384,46547.14,0
TX001391,2026-09-21 09:23:10,ACC1455,ACC1312,24598.61,0
TX001392,2026-09-21 09:23:11,ACC1339,ACC1491,68438.99,0
TX001393,2026-09-21 10:56:00,ACC1296,ACC1159,5372.15,0
TX001394,2026-09-21 10:32:52,ACC1398,ACC1005,45458.07,0
TX001395,2026-09-21 10:09:42,ACC1293,ACC1375,42159.51,0
TX001396,2026-09-21 10:09:45,ACC1408,ACC1150,16834.07,0
TX001397,2026-09-21 10:09:48,ACC1305,ACC1383,72724.47,0
TX001398,2026-09-21 10:33:08,ACC1031,ACC1322,57856.29,0
TX001399,2026-09-21 10:56:30,ACC1336,ACC1149,2827.08,0
TX001400,2026-09-21 09:23:19,ACC1064,ACC1258,85159.38,0
TX001401,2026-09-21 10:10:00,ACC1067,ACC1315,27594.19,0
TX001402,2026-09-21 10:56:45,ACC1379,ACC1057,17543.92,0
TX001403,2026-09-21 10:33:28,ACC1077,ACC1337,37039.71,0
TX001404,2026-09-21 09:46:46,ACC1400,ACC1358,48543.36,0
TX001405,2026-09-21 10:10:12,ACC1441,ACC1016,98408.76,0
TX001406,2026-09-21 09:46:50,ACC1304,ACC1478,83777.66,0
TX001407,2026-09-21 10:33:44,ACC1211,ACC1394,23870.95,0
TX001408,2026-09-21 09:46:54,ACC1326,ACC1085,57817.96,0
TX001409,2026-09-21 10:10:24,ACC1027,ACC1328,75572.84,0
TX001410,2026-09-21 10:33:56,ACC1085,ACC1237,47675.57,0
TX001411,2026-09-21 10:57:30,ACC1485,ACC1385,23442.77,0
TX001412,2026-09-21 10:10:33,ACC1199,ACC1242,14600.47,0
TX001413,2026-09-21 10:34:08,ACC1006,ACC1147,38262.21,0
TX001414,2026-09-21 09:23:33,ACC1271,ACC1349,9826.7,0
TX001415,2026-09-21 10:34:16,ACC1181,ACC1489,61087.51,0
TX001416,2026-09-21 10:10:45,ACC1139,ACC1171,26782.07,0
TX001417,2026-09-21 10:34:24,ACC1335,ACC1299,46164.75,0
TX001418,2026-09-21 10:58:05,ACC1123,ACC1375,77072.68,0
TX001419,2026-09-21 09:47:16,ACC1346,ACC1353,31395.66,1
TX001420,2026-09-21 09:23:39,ACC1004,ACC1425,1294.94,0
TX001421,2026-09-21 10:34:40,ACC1053,ACC1350,35216.49,0
TX001422,2026-09-21 09:23:41,ACC1128,ACC1098,2467.68,0
TX001423,2026-09-21 09:47:24,ACC1480,ACC1304,95053.85,0
TX001424,2026-09-21 09:23:43,ACC1362,ACC1490,8730.0,0
TX001425,2026-09-21 10:58:40,ACC1192,ACC1336,80339.69,0
TX001426,2026-09-21 09:47:30,ACC1056,ACC1356,25408.24,0
TX001427,2026-09-21 10:35:04,ACC1479,ACC1038,92277.27,0
TX001428,2026-09-21 10:11:21,ACC1218,ACC1354,25807.93,0
TX001429,2026-09-21 09:23:48,ACC1141,ACC1397,38341.62,0
TX001430,2026-09-21 10:11:27,ACC1030,ACC1132,17875.16,0
TX001431,2026-09-21 10:59:10,ACC1475,ACC1102,39324.18,0
TX001432,2026-09-21 10:59:15,ACC1055,ACC1073,76893.86,0
TX001433,2026-09-21 10:35:28,ACC1329,ACC1054,71568.49,0
TX001434,2026-09-21 10:59:25,ACC1037,ACC1036,72781.76,0
TX001435,2026-09-21 10:35:36,ACC1009,ACC1459,14970.54,0
TX001436,2026-09-21 10:35:40,ACC1477,ACC1019,26717.0,0
TX001437,2026-09-21 10:59:40,ACC1463,ACC1200,470.01,0
TX001438,2026-09-21 10:35:48,ACC1394,ACC1251,43662.16,0
TX001439,2026-09-21 09:23:58,ACC1399,ACC1415,54058.86,1
TX001440,2026-09-21 10:35:56,ACC1488,ACC1352,12208.24,0
TX001441,2026-09-21 10:12:00,ACC1183,ACC1170,40121.42,0
TX001442,2026-09-21 09:24:01,ACC1490,ACC1331,36599.0,0
TX001443,2026-09-21 10:36:08,ACC1174,ACC1041,76069.26,0
TX001444,2026-09-21 11:00:15,ACC1103,ACC1090,4029.19,0
TX001445,2026-09-21 10:36:16,ACC1097,ACC1153,89656.42,0
TX001446,2026-09-21 09:24:05,ACC1183,ACC1249,88532.89,0
TX001447,2026-09-21 09:24:06,ACC1097,ACC1071,19389.96,0
TX001448,2026-09-21 10:36:28,ACC1303,ACC1122,38937.88,0
TX001449,2026-09-21 10:36:32,ACC1329,ACC1157,53440.61,0
TX001450,2026-09-21 09:24:09,ACC1230,ACC1494,3800.56,0
TX001451,2026-09-21 09:24:10,ACC1403,ACC1369,40610.23,0
TX001452,2026-09-21 11:00:55,ACC1334,ACC1341,45891.2,0
TX001453,2026-09-21 09:48:24,ACC1447,ACC1274,74131.04,0
TX001454,2026-09-21 09:48:26,ACC1036,ACC1018,48940.58,1
TX001455,2026-09-21 11:01:10,ACC1464,ACC1470,4675.59,0
TX001456,2026-09-21 09:48:30,ACC1066,ACC1007,63302.88,0
TX001457,2026-09-21 09:24:16,ACC1420,ACC1406,45672.84,0
TX001458,2026-09-21 09:24:17,ACC1302,ACC1032,11506.55,0
TX001459,2026-09-21 09:24:18,ACC1315,ACC1112,80464.91,0
TX001460,2026-09-21 10:37:16,ACC1415,ACC1427,32491.07,0
TX001461,2026-09-21 09:48:40,ACC1294,ACC1279,32226.83,0
TX001462,2026-09-21 09:24:21,ACC1109,ACC1391,59349.22,0
TX001463,2026-09-21 09:48:44,ACC1061,ACC1140,75779.25,0
TX001464,2026-09-21 09:48:46,ACC1189,ACC1283,43922.26,0
TX001465,2026-09-21 09:24:24,ACC1020,ACC1068,79126.12,0
TX001466,2026-09-21 09:48:50,ACC1192,ACC1398,1661.47,0
TX001467,2026-09-21 09:24:26,ACC1003,ACC1091,70703.45,0
TX001468,2026-09-21 10:37:48,ACC1145,ACC1213,69266.6,0
TX001469,2026-09-21 11:02:20,ACC1327,ACC1138,45096.87,0
TX001470,2026-09-21 09:24:29,ACC1089,ACC1312,59667.57,0
TX001471,2026-09-21 09:24:30,ACC1313,ACC1486,62756.45,0
TX001472,2026-09-21 09:24:31,ACC1178,ACC1214,55815.27,0
TX001473,2026-09-21 11:02:40,ACC1271,ACC1048,36253.94,0
TX001474,2026-09-21 09:49:06,ACC1276,ACC1259,46475.18,0
TX001475,2026-09-21 09:24:34,ACC1106,ACC1141,19452.53,0
TX001476,2026-09-21 10:38:20,ACC1350,ACC1432,49801.73,0
TX001477,2026-09-21 09:24:36,ACC1472,ACC1022,64521.6,0
TX001478,2026-09-21 10:13:51,ACC1222,ACC1128,61720.25,0
TX001479,2026-09-21 09:24:38,ACC1232,ACC1022,74067.65,0
TX001480,2026-09-21 09:24:39,ACC1090,ACC1080,48557.63,0
TX001481,2026-09-21 10:38:40,ACC1458,ACC1120,59311.4,0
TX001482,2026-09-21 10:14:03,ACC1101,ACC1382,23083.32,0
TX001483,2026-09-21 09:49:24,ACC1116,ACC1050,73801.01,0
TX001484,2026-09-21 09:49:26,ACC1192,ACC1456,7445.62,0
TX001485,2026-09-21 10:38:56,ACC1027,ACC1455,14579.63,0
TX001486,2026-09-21 10:39:00,ACC1232,ACC1091,37411.16,0
TX001487,2026-09-21 10:14:18,ACC1099,ACC1323,97558.03,0
TX001488,2026-09-21 11:03:55,ACC1065,ACC1016,6059.21,0
TX001489,2026-09-21 10:39:12,ACC1436,ACC1238,41880.56,0
TX001490,2026-09-21 10:14:27,ACC1112,ACC1453,60403.23,0
TX001491,2026-09-21 11:04:10,ACC1326,ACC1487,90567.25,0
TX001492,2026-09-21 09:49:42,ACC1283,ACC1437,8738.79,0
TX001493,2026-09-21 09:49:44,ACC1250,ACC1441,59198.93,0
TX001494,2026-09-21 10:39:32,ACC1142,ACC1007,73644.27,0
TX001495,2026-09-21 11:04:30,ACC1167,ACC1222,22318.42,0
TX001496,2026-09-21 11:04:35,ACC1484,ACC1076,89835.35,0
TX001497,2026-09-21 10:39:44,ACC1022,ACC1020,73374.28,0
TX001498,2026-09-21 10:39:48,ACC1217,ACC1271,47979.01,0
TX001499,2026-09-21 10:39:52,ACC1420,ACC1050,49578.98,0
TX001500,2026-09-21 10:39:56,ACC1385,ACC1006,94998.4,0
TX001501,2026-09-21 09:25:00,ACC1151,ACC1122,1691.42,0
TX001502,2026-09-21 10:40:04,ACC1082,ACC1360,85806.42,0
TX001503,2026-09-21 10:40:08,ACC1012,ACC1499,46429.69,0
TX001504,2026-09-21 09:50:06,ACC1360,ACC1207,79006.89,0
TX001505,2026-09-21 09:25:04,ACC1237,ACC1360,86052.23,1
TX001506,2026-09-21 10:15:15,ACC1457,ACC1353,53138.94,0
TX001507,2026-09-21 11:05:30,ACC1385,ACC1138,54289.27,0
TX001508,2026-09-21 09:25:07,ACC1403,ACC1350,62083.48,0
TX001509,2026-09-21 11:05:40,ACC1477,ACC1028,94537.69,0
TX001510,2026-09-21 09:25:09,ACC1454,ACC1026,38357.2,0
TX001511,2026-09-21 10:15:30,ACC1020,ACC1187,17609.21,0
TX001512,2026-09-21 09:50:22,ACC1034,ACC1287,13926.74,0
TX001513,2026-09-21 10:40:48,ACC1276,ACC1058,73764.27,0
TX001514,2026-09-21 09:50:26,ACC1446,ACC1491,75342.03,0
TX001515,2026-09-21 10:15:42,ACC1164,ACC1180,50406.24,0
TX001516,2026-09-21 10:15:45,ACC1027,ACC1032,34588.14,0
TX001517,2026-09-21 09:25:16,ACC1269,ACC1424,47069.37,0
TX001518,2026-09-21 10:15:51,ACC1422,ACC1272,45252.64,0
TX001519,2026-09-21 09:25:18,ACC1344,ACC1484,18916.52,0
TX001520,2026-09-21 10:41:16,ACC1044,ACC1041,89804.79,0
TX001521,2026-09-21 09:25:20,ACC1489,ACC1039,16560.15,0
TX001522,2026-09-21 09:50:42,ACC1075,ACC1254,87511.81,0
TX001523,2026-09-21 10:16:06,ACC1321,ACC1011,41712.01,0
TX001524,2026-09-21 10:41:32,ACC1477,ACC1067,34735.35,0
TX001525,2026-09-21 10:16:12,ACC1330,ACC1010,18987.16,1
TX001526,2026-09-21 11:07:05,ACC1410,ACC1118,64502.74,0
TX001527,2026-09-21 10:16:18,ACC1175,ACC1335,48666.22,0
TX001528,2026-09-21 11:07:15,ACC1271,ACC1431,44581.1,0
TX001529,2026-09-21 10:16:24,ACC1067,ACC1459,17256.54,0
TX001530,2026-09-21 10:16:27,ACC1247,ACC1190,76998.0,1
TX001531,2026-09-21 10:42:00,ACC1180,ACC1145,95625.76,0
TX001532,2026-09-21 11:07:35,ACC1082,ACC1364,28596.13,0
TX001533,2026-09-21 09:51:04,ACC1429,ACC1362,16209.35,0
TX001534,2026-09-21 09:51:06,ACC1162,ACC1294,44144.77,0
TX001535,2026-09-21 09:25:34,ACC1105,ACC1287,66588.77,0
TX001536,2026-09-21 10:42:20,ACC1075,ACC1190,54032.67,0
TX001537,2026-09-21 09:25:36,ACC1154,ACC1062,40515.78,0
TX001538,2026-09-21 10:42:28,ACC1074,ACC1485,92788.35,0
TX001539,2026-09-21 11:08:10,ACC1496,ACC1378,97562.54,0
TX001540,2026-09-21 10:42:36,ACC1361,ACC1151,89608.15,0
TX001541,2026-09-21 09:51:20,ACC1386,ACC1293,79977.66,0
TX001542,2026-09-21 10:17:03,ACC1472,ACC1226,68945.78,0
TX001543,2026-09-21 09:51:24,ACC1460,ACC1020,67833.03,0
TX001544,2026-09-21 11:08:35,ACC1012,ACC1205,84103.6,0
TX001545,2026-09-21 09:25:44,ACC1047,ACC1167,60854.31,0
TX001546,2026-09-21 10:17:15,ACC1269,ACC1113,19652.0,0
TX001547,2026-09-21 09:25:46,ACC1434,ACC1228,97586.37,0
TX001548,2026-09-21 11:08:55,ACC1251,ACC1162,60547.27,0
TX001549,2026-09-21 10:17:24,ACC1465,ACC1341,39816.04,0
TX001550,2026-09-21 10:43:16,ACC1218,ACC1189,37345.83,0
TX001551,2026-09-21 10:43:20,ACC1179,ACC1157,87442.74,1
TX001552,2026-09-21 10:43:24,ACC1372,ACC1454,74178.61,0
TX001553,2026-09-21 09:51:44,ACC1226,ACC1147,80586.71,0
TX001554,2026-09-21 10:43:32,ACC1217,ACC1373,14042.81,0
TX001555,2026-09-21 09:51:48,ACC1044,ACC1073,30392.79,0
TX001556,2026-09-21 09:25:55,ACC1268,ACC1171,93321.98,0
TX001557,2026-09-21 09:25:56,ACC1192,ACC1045,41005.12,0
TX001558,2026-09-21 11:09:45,ACC1212,ACC1089,46265.78,0
TX001559,2026-09-21 09:51:56,ACC1468,ACC1070,18682.04,0
TX001560,2026-09-21 09:25:59,ACC1283,ACC1251,82297.64,0
TX001561,2026-09-21 10:44:00,ACC1299,ACC1155,55972.18,0
TX001562,2026-09-21 09:26:01,ACC1013,ACC1405,15486.99,0
TX001563,2026-09-21 10:44:08,ACC1327,ACC1427,12505.27,0
TX001564,2026-09-21 09:52:06,ACC1147,ACC1213,49239.46,0
TX001565,2026-09-21 09:26:04,ACC1125,ACC1014,76495.36,0
TX001566,2026-09-21 11:10:25,ACC1496,ACC1034,74582.0,0
TX001567,2026-09-21 10:18:18,ACC1289,ACC1223,62836.81,0
TX001568,2026-09-21 09:26:07,ACC1355,ACC1418,37382.9,0
TX001569,2026-09-21 10:18:24,ACC1008,ACC1432,16368.44,0
TX001570,2026-09-21 09:52:18,ACC1163,ACC1236,35802.81,1
TX001571,2026-09-21 10:18:30,ACC1184,ACC1214,4966.62,0
TX001572,2026-09-21 09:26:11,ACC1327,ACC1479,51435.26,0
TX001573,2026-09-21 09:26:12,ACC1093,ACC1391,59916.37,0
TX001574,2026-09-21 10:18:39,ACC1165,ACC1446,82699.52,0
TX001575,2026-09-21 10:18:42,ACC1154,ACC1138,9673.76,0
TX001576,2026-09-21 09:26:15,ACC1421,ACC1073,13781.25,0
TX001577,2026-09-21 10:45:04,ACC1398,ACC1248,34097.28,0
TX001578,2026-09-21 09:52:34,ACC1052,ACC1111,50387.95,0
TX001579,2026-09-21 11:11:30,ACC1407,ACC1459,61381.49,0
TX001580,2026-09-21 11:11:35,ACC1269,ACC1433,71283.46,0
TX001581,2026-09-21 10:45:20,ACC1410,ACC1058,46103.09,0
TX001582,2026-09-21 09:26:21,ACC1419,ACC1067,48003.87,0
TX001583,2026-09-21 10:45:28,ACC1185,ACC1071,88983.67,0
TX001584,2026-09-21 10:19:09,ACC1390,ACC1496,17303.5,0
TX001585,2026-09-21 09:26:24,ACC1381,ACC1417,22313.55,0
TX001586,2026-09-21 09:52:50,ACC1072,ACC1352,30812.09,0
TX001587,2026-09-21 09:26:26,ACC1040,ACC1217,7865.76,0
TX001588,2026-09-21 09:26:27,ACC1387,ACC1220,19715.46,1
TX001589,2026-09-21 11:12:20,ACC1337,ACC1262,6020.6,0
TX001590,2026-09-21 09:26:29,ACC1129,ACC1022,30234.42,1
TX001591,2026-09-21 09:26:30,ACC1049,ACC1400,92017.8,0
TX001592,2026-09-21 09:53:02,ACC1461,ACC1102,67093.0,1
TX001593,2026-09-21 10:19:36,ACC1074,ACC1433,94884.28,0
TX001594,2026-09-21 11:12:45,ACC1082,ACC1437,78102.13,0
TX001595,2026-09-21 09:26:34,ACC1258,ACC1291,10000.66,0
TX001596,2026-09-21 09:53:10,ACC1007,ACC1270,71609.58,0
TX001597,2026-09-21 11:13:00,ACC1087,ACC1461,532.46,0
TX001598,2026-09-21 11:13:05,ACC1473,ACC1109,85144.55,0
TX001599,2026-09-21 09:53:16,ACC1357,ACC1301,44022.62,0
TX001600,2026-09-21 10:19:57,ACC1092,ACC1427,98131.98,0
TX001601,2026-09-21 10:46:40,ACC1263,ACC1116,11373.26,0
TX001602,2026-09-21 09:26:41,ACC1063,ACC1238,52020.79,0
TX001603,2026-09-21 10:20:06,ACC1184,ACC1360,55757.5,1
TX001604,2026-09-21 09:26:43,ACC1167,ACC1252,38539.63,0
TX001605,2026-09-21 10:46:56,ACC1376,ACC1159,22664.76,0
TX001606,2026-09-21 09:53:30,ACC1437,ACC1219,85691.7,0
TX001607,2026-09-21 10:20:18,ACC1410,ACC1243,18011.8,0
TX001608,2026-09-21 09:26:47,ACC1251,ACC1344,39697.34,0
TX001609,2026-09-21 09:26:48,ACC1346,ACC1043,14422.42,0
TX001610,2026-09-21 09:53:38,ACC1302,ACC1052,6564.57,0
TX001611,2026-09-21 11:14:10,ACC1173,ACC1102,84418.55,0
TX001612,2026-09-21 10:47:24,ACC1119,ACC1429,72547.53,0
TX001613,2026-09-21 11:14:20,ACC1365,ACC1392,59405.63,0
TX001614,2026-09-21 10:47:32,ACC1410,ACC1329,35674.12,0
TX001615,2026-09-21 10:47:36,ACC1486,ACC1207,51190.31,0
TX001616,2026-09-21 09:26:55,ACC1232,ACC1055,25143.92,0
TX001617,2026-09-21 09:53:52,ACC1321,ACC1482,3069.38,0
TX001618,2026-09-21 10:47:48,ACC1425,ACC1034,67842.93,0
TX001619,2026-09-21 10:20:54,ACC1195,ACC1309,15358.39,0
TX001620,2026-09-21 09:26:59,ACC1049,ACC1389,66141.95,0
TX001621,2026-09-21 10:48:00,ACC1252,ACC1405,20272.98,0
TX001622,2026-09-21 10:21:03,ACC1251,ACC1258,54289.57,0
TX001623,2026-09-21 09:27:02,ACC1276,ACC1279,95262.79,1
TX001624,2026-09-21 09:27:03,ACC1220,ACC1450,38424.62,0
TX001625,2026-09-21 10:48:16,ACC1192,ACC1226,3694.51,0
TX001626,2026-09-21 10:21:15,ACC1337,ACC1440,88481.55,0
TX001627,2026-09-21 10:21:18,ACC1220,ACC1068,71600.75,0
TX001628,2026-09-21 10:48:28,ACC1056,ACC1291,66041.85,0
TX001629,2026-09-21 10:48:32,ACC1292,ACC1240,56269.32,0
TX001630,2026-09-21 10:21:27,ACC1028,ACC1200,49519.64,0
TX001631,2026-09-21 10:21:30,ACC1315,ACC1346,76670.43,0
TX001632,2026-09-21 11:15:55,ACC1031,ACC1014,4607.33,0
TX001633,2026-09-21 11:16:00,ACC1178,ACC1414,2787.29,0
TX001634,2026-09-21 09:27:13,ACC1174,ACC1194,42872.0,0
TX001635,2026-09-21 09:27:14,ACC1210,ACC1179,66157.88,0
TX001636,2026-09-21 11:16:15,ACC1331,ACC1159,8585.68,0
TX001637,2026-09-21 09:27:16,ACC1444,ACC1156,33825.67,1
TX001638,2026-09-21 10:49:08,ACC1166,ACC1019,65811.0,0
TX001639,2026-09-21 10:49:12,ACC1263,ACC1461,26735.23,0
TX001640,2026-09-21 10:21:57,ACC1301,ACC1011,37835.99,0
TX001641,2026-09-21 10:49:20,ACC1293,ACC1050,10095.66,0
TX001642,2026-09-21 11:16:45,ACC1172,ACC1254,81164.57,0
TX001643,2026-09-21 10:22:06,ACC1085,ACC1314,36397.1,0
TX001644,2026-09-21 09:27:23,ACC1254,ACC1325,84054.01,0
TX001645,2026-09-21 09:27:24,ACC1147,ACC1135,29802.29,0
TX001646,2026-09-21 11:17:05,ACC1411,ACC1115,74314.51,1
TX001647,2026-09-21 09:27:26,ACC1432,ACC1296,59227.28,0
TX001648,2026-09-21 11:17:15,ACC1290,ACC1410,47579.31,0
TX001649,2026-09-21 10:22:24,ACC1407,ACC1039,50513.49,0
TX001650,2026-09-21 10:22:27,ACC1339,ACC1276,20087.69,0
TX001651,2026-09-21 10:50:00,ACC1319,ACC1263,67188.87,0
TX001652,2026-09-21 11:17:35,ACC1451,ACC1009,86284.71,0
TX001653,2026-09-21 10:50:08,ACC1109,ACC1338,26866.8,0
TX001654,2026-09-21 10:50:12,ACC1414,ACC1314,93470.13,0
TX001655,2026-09-21 09:55:08,ACC1030,ACC1267,36491.04,0
TX001656,2026-09-21 10:22:45,ACC1077,ACC1382,84427.79,0
TX001657,2026-09-21 09:27:36,ACC1440,ACC1425,63429.36,0
TX001658,2026-09-21 10:22:51,ACC1136,ACC1421,64639.66,0
TX001659,2026-09-21 10:50:32,ACC1307,ACC1120,23924.49,0
TX001660,2026-09-21 10:22:57,ACC1014,ACC1125,46469.55,0
TX001661,2026-09-21 09:27:40,ACC1223,ACC1216,20278.85,0
TX001662,2026-09-21 10:23:03,ACC1014,ACC1132,65901.2,0
TX001663,2026-09-21 10:50:48,ACC1436,ACC1021,78245.15,1
TX001664,2026-09-21 10:23:09,ACC1459,ACC1042,60199.81,0
TX001665,2026-09-21 10:50:56,ACC1461,ACC1489,89687.65,0
TX001666,2026-09-21 10:51:00,ACC1453,ACC1046,94321.9,0
TX001667,2026-09-21 09:27:46,ACC1071,ACC1120,57140.24,0
TX001668,2026-09-21 11:18:55,ACC1061,ACC1267,94972.48,0
TX001669,2026-09-21 09:27:48,ACC1128,ACC1254,23883.88,0
TX001670,2026-09-21 10:23:27,ACC1413,ACC1160,83250.18,0
TX001671,2026-09-21 09:55:40,ACC1412,ACC1383,93556.46,0
TX001672,2026-09-21 09:55:42,ACC1054,ACC1089,96995.36,0
TX001673,2026-09-21 11:19:20,ACC1130,ACC1441,5686.95,0
TX001674,2026-09-21 09:27:53,ACC1358,ACC1485,31717.35,0
TX001675,2026-09-21 10:23:42,ACC1349,ACC1126,87955.41,0
TX001676,2026-09-21 10:23:45,ACC1185,ACC1243,82154.4,1
TX001677,2026-09-21 11:19:40,ACC1495,ACC1463,3577.46,0
TX001678,2026-09-21 09:27:57,ACC1409,ACC1481,69099.18,0
TX001679,2026-09-21 11:19:50,ACC1122,ACC1129,38530.55,0
TX001680,2026-09-21 09:27:59,ACC1358,ACC1185,53537.58,0
TX001681,2026-09-21 09:28:00,ACC1226,ACC1198,90987.93,0
TX001682,2026-09-21 10:24:03,ACC1469,ACC1130,9116.01,0
TX001683,2026-09-21 09:56:04,ACC1120,ACC1152,85955.73,0
TX001684,2026-09-21 10:24:09,ACC1224,ACC1323,87958.78,0
TX001685,2026-09-21 09:28:04,ACC1208,ACC1404,27476.25,0
TX001686,2026-09-21 10:52:20,ACC1399,ACC1481,47162.02,0
TX001687,2026-09-21 10:52:24,ACC1430,ACC1170,87688.45,0
TX001688,2026-09-21 10:24:21,ACC1422,ACC1082,50682.82,0
TX001689,2026-09-21 11:20:40,ACC1308,ACC1373,73804.77,0
TX001690,2026-09-21 09:28:09,ACC1014,ACC1390,64173.14,0
TX001691,2026-09-21 09:56:20,ACC1227,ACC1405,407.27,0
TX001692,2026-09-21 11:20:55,ACC1156,ACC1160,8314.98,0
TX001693,2026-09-21 09:56:24,ACC1264,ACC1365,84711.35,0
TX001694,2026-09-21 10:24:39,ACC1405,ACC1480,45203.84,0
TX001695,2026-09-21 09:56:28,ACC1068,ACC1133,68777.94,0
TX001696,2026-09-21 09:56:30,ACC1409,ACC1144,8531.46,0
TX001697,2026-09-21 10:53:04,ACC1201,ACC1448,94481.24,0
TX001698,2026-09-21 09:28:17,ACC1114,ACC1010,92318.92,0
TX001699,2026-09-21 09:28:18,ACC1320,ACC1117,97415.34,0
TX001700,2026-09-21 09:56:38,ACC1359,ACC1436,5073.32,0
TX001701,2026-09-21 09:56:40,ACC1307,ACC1133,8997.22,0
TX001702,2026-09-21 09:28:21,ACC1484,ACC1290,1510.08,0
TX001703,2026-09-21 10:53:28,ACC1395,ACC1471,82743.02,0
TX001704,2026-09-21 09:56:46,ACC1114,ACC1365,19135.36,0
TX001705,2026-09-21 10:25:12,ACC1400,ACC1136,74669.66,0
TX001706,2026-09-21 09:56:50,ACC1220,ACC1438,60048.27,0
TX001707,2026-09-21 09:56:52,ACC1144,ACC1372,41891.27,0
TX001708,2026-09-21 10:25:21,ACC1074,ACC1014,97615.2,0
TX001709,2026-09-21 09:56:56,ACC1230,ACC1464,37026.81,0
TX001710,2026-09-21 09:28:29,ACC1234,ACC1043,46941.27,0
TX001711,2026-09-21 10:54:00,ACC1498,ACC1354,68716.56,0
TX001712,2026-09-21 11:22:35,ACC1362,ACC1216,25696.94,0
TX001713,2026-09-21 10:25:36,ACC1030,ACC1026,93113.35,0
TX001714,2026-09-21 11:22:45,ACC1181,ACC1310,70985.64,0
TX001715,2026-09-21 11:22:50,ACC1002,ACC1129,62003.82,0
TX001716,2026-09-21 10:25:45,ACC1202,ACC1343,13310.6,0
TX001717,2026-09-21 09:57:12,ACC1021,ACC1297,26103.14,0
TX001718,2026-09-21 10:54:28,ACC1476,ACC1173,13278.76,0
TX001719,2026-09-21 09:57:16,ACC1271,ACC1221,26114.56,0
TX001720,2026-09-21 10:25:57,ACC1065,ACC1255,74807.55,0
TX001721,2026-09-21 10:26:00,ACC1144,ACC1462,61331.86,0
TX001722,2026-09-21 10:26:03,ACC1135,ACC1264,43633.96,0
TX001723,2026-09-21 09:57:24,ACC1377,ACC1251,55611.9,0
TX001724,2026-09-21 10:54:52,ACC1325,ACC1408,5416.9,0
TX001725,2026-09-21 09:28:44,ACC1117,ACC1093,47077.73,0
TX001726,2026-09-21 09:28:45,ACC1239,ACC1223,99520.65,0
TX001727,2026-09-21 10:26:18,ACC1020,ACC1226,98882.98,0
TX001728,2026-09-21 09:28:47,ACC1234,ACC1252,84599.25,0
TX001729,2026-09-21 09:28:48,ACC1063,ACC1178,20453.0,0
TX001730,2026-09-21 11:24:05,ACC1427,ACC1086,82274.92,0
TX001731,2026-09-21 09:57:40,ACC1339,ACC1299,58396.38,0
TX001732,2026-09-21 11:24:15,ACC1269,ACC1392,18138.83,0
TX001733,2026-09-21 10:55:28,ACC1126,ACC1393,67723.16,0
TX001734,2026-09-21 09:28:53,ACC1013,ACC1145,39477.56,0
TX001735,2026-09-21 10:26:42,ACC1487,ACC1054,15462.17,0
TX001736,2026-09-21 10:55:40,ACC1425,ACC1362,45460.15,0
TX001737,2026-09-21 09:28:56,ACC1304,ACC1336,33009.75,1
TX001738,2026-09-21 10:55:48,ACC1318,ACC1486,32559.06,0
TX001739,2026-09-21 11:24:50,ACC1375,ACC1464,13019.09,0
TX001740,2026-09-21 10:26:57,ACC1410,ACC1329,32384.77,0
TX001741,2026-09-21 11:25:00,ACC1036,ACC1280,38200.95,0
TX001742,2026-09-21 10:56:04,ACC1091,ACC1122,9009.91,0
TX001743,2026-09-21 10:56:08,ACC1083,ACC1198,28565.1,0
TX001744,2026-09-21 09:29:03,ACC1334,ACC1078,29924.81,0
TX001745,2026-09-21 10:27:12,ACC1376,ACC1412,90383.05,0
TX001746,2026-09-21 09:29:05,ACC1183,ACC1340,83222.08,0
TX001747,2026-09-21 10:56:24,ACC1250,ACC1228,47696.32,0
TX001748,2026-09-21 10:56:28,ACC1216,ACC1046,81118.34,0
TX001749,2026-09-21 10:56:32,ACC1222,ACC1322,9385.45,0
TX001750,2026-09-21 09:58:18,ACC1498,ACC1237,64796.3,0
TX001751,2026-09-21 11:25:50,ACC1476,ACC1253,62993.0,0
TX001752,2026-09-21 10:56:44,ACC1148,ACC1239,8010.39,0
TX001753,2026-09-21 09:58:24,ACC1153,ACC1076,68462.96,0
TX001754,2026-09-21 10:56:52,ACC1127,ACC1267,29618.62,1
TX001755,2026-09-21 09:29:14,ACC1039,ACC1469,51390.11,0
TX001756,2026-09-21 10:57:00,ACC1211,ACC1048,66119.44,0
TX001757,2026-09-21 10:27:48,ACC1129,ACC1181,58598.23,0
TX001758,2026-09-21 10:57:08,ACC1008,ACC1058,18037.26,0
TX001759,2026-09-21 09:29:18,ACC1201,ACC1023,41683.53,0
TX001760,2026-09-21 10:57:16,ACC1160,ACC1300,75759.69,0
TX001761,2026-09-21 10:28:00,ACC1413,ACC1135,96675.29,0
TX001762,2026-09-21 09:58:42,ACC1095,ACC1108,7914.23,0
TX001763,2026-09-21 09:29:22,ACC1132,ACC1446,43436.51,1
TX001764,2026-09-21 09:29:23,ACC1202,ACC1059,17256.36,0
TX001765,2026-09-21 11:27:00,ACC1354,ACC1207,72618.55,0
TX001766,2026-09-21 11:27:05,ACC1416,ACC1498,36136.81,0
TX001767,2026-09-21 10:57:44,ACC1353,ACC1345,80483.61,1
TX001768,2026-09-21 09:58:54,ACC1069,ACC1007,11280.06,1
TX001769,2026-09-21 09:29:28,ACC1496,ACC1096,21002.03,0
TX001770,2026-09-21 10:57:56,ACC1332,ACC1123,84224.76,0
TX001771,2026-09-21 09:29:30,ACC1275,ACC1097,30161.7,0
TX001772,2026-09-21 09:29:31,ACC1242,ACC1216,11734.24,0
TX001773,2026-09-21 10:58:08,ACC1378,ACC1359,96390.3,0
TX001774,2026-09-21 11:27:45,ACC1440,ACC1230,24338.7,0
TX001775,2026-09-21 10:58:16,ACC1424,ACC1426,5187.13,1
TX001776,2026-09-21 10:58:20,ACC1322,ACC1433,97950.75,0
TX001777,2026-09-21 11:28:00,ACC1377,ACC1296,73134.75,0
TX001778,2026-09-21 10:58:28,ACC1018,ACC1249,48661.49,0
TX001779,2026-09-21 10:58:32,ACC1313,ACC1478,23267.39,0
TX001780,2026-09-21 11:28:15,ACC1009,ACC1216,31653.43,0
TX001781,2026-09-21 10:58:40,ACC1457,ACC1331,88925.15,1
TX001782,2026-09-21 10:29:03,ACC1318,ACC1480,44887.71,0
TX001783,2026-09-21 09:59:24,ACC1082,ACC1147,46977.12,0
TX001784,2026-09-21 11:28:35,ACC1259,ACC1112,90916.11,0
TX001785,2026-09-21 10:58:56,ACC1308,ACC1436,13202.74,0
TX001786,2026-09-21 10:59:00,ACC1364,ACC1199,83324.77,0
TX001787,2026-09-21 10:59:04,ACC1376,ACC1184,79995.53,0
TX001788,2026-09-21 10:29:21,ACC1318,ACC1106,69100.69,1
TX001789,2026-09-21 09:59:36,ACC1247,ACC1066,20028.47,0
TX001790,2026-09-21 10:59:16,ACC1051,ACC1406,94311.16,0
TX001791,2026-09-21 11:29:10,ACC1120,ACC1107,4800.23,1
TX001792,2026-09-21 10:29:33,ACC1451,ACC1133,67725.09,0
TX001793,2026-09-21 11:29:20,ACC1440,ACC1457,3293.8,0
TX001794,2026-09-21 11:29:25,ACC1220,ACC1058,22746.36,0
TX001795,2026-09-21 10:29:42,ACC1249,ACC1132,78510.09,0
TX001796,2026-09-21 11:29:35,ACC1394,ACC1449,26822.37,0
TX001797,2026-09-21 11:29:40,ACC1353,ACC1447,60468.52,0
TX001798,2026-09-21 10:59:48,ACC1025,ACC1474,79918.79,0
TX001799,2026-09-21 09:29:58,ACC1386,ACC1056,78187.07,0
TX001800,2026-09-21 09:29:59,ACC1439,ACC1485,82378.66,1
TX001801,2026-09-21 09:30:00,ACC1053,ACC1085,87099.86,0
TX001802,2026-09-21 10:30:03,ACC1080,ACC1372,70845.52,0
TX001803,2026-09-21 09:30:02,ACC1255,ACC1375,15514.14,0
TX001804,2026-09-21 09:30:03,ACC1419,ACC1070,84874.65,0
TX001805,2026-09-21 09:30:04,ACC1212,ACC1393,24607.07,0
TX001806,2026-09-21 11:30:25,ACC1174,ACC1146,17209.05,0
TX001807,2026-09-21 11:00:24,ACC1366,ACC1386,36128.28,0
TX001808,2026-09-21 11:30:35,ACC1077,ACC1385,42230.05,0
TX001809,2026-09-21 11:00:32,ACC1410,ACC1219,91810.2,0
TX001810,2026-09-21 11:30:45,ACC1487,ACC1436,79481.27,0
TX001811,2026-09-21 10:00:20,ACC1015,ACC1226,77038.17,0
TX001812,2026-09-21 09:30:11,ACC1264,ACC1483,8569.34,0
TX001813,2026-09-21 11:00:48,ACC1395,ACC1084,6240.69,0
TX001814,2026-09-21 10:00:26,ACC1338,ACC1472,90260.86,1
TX001815,2026-09-21 11:31:10,ACC1323,ACC1365,97268.85,0
TX001816,2026-09-21 11:31:15,ACC1453,ACC1348,87367.28,0
TX001817,2026-09-21 10:30:48,ACC1160,ACC1465,889.43,0
TX001818,2026-09-21 10:00:34,ACC1270,ACC1312,70059.48,0
TX001819,2026-09-21 11:31:30,ACC1105,ACC1454,62473.53,0
TX001820,2026-09-21 10:30:57,ACC1226,ACC1357,88778.72,0
TX001821,2026-09-21 10:00:40,ACC1207,ACC1397,88109.37,1
TX001822,2026-09-21 11:01:24,ACC1275,ACC1171,72537.36,0
TX001823,2026-09-21 11:31:50,ACC1064,ACC1266,28464.39,0
TX001824,2026-09-21 11:31:55,ACC1282,ACC1159,34136.82,0
TX001825,2026-09-21 11:32:00,ACC1011,ACC1014,59291.11,0
TX001826,2026-09-21 11:01:40,ACC1396,ACC1155,98696.77,1
TX001827,2026-09-21 10:31:18,ACC1030,ACC1430,26049.67,0
TX001828,2026-09-21 09:30:27,ACC1063,ACC1024,44928.81,0
TX001829,2026-09-21 10:31:24,ACC1002,ACC1232,98296.76,0
TX001830,2026-09-21 11:32:25,ACC1297,ACC1289,84465.13,0
TX001831,2026-09-21 11:32:30,ACC1153,ACC1145,67276.14,0
TX001832,2026-09-21 10:01:02,ACC1266,ACC1377,10612.17,0
TX001833,2026-09-21 10:31:36,ACC1098,ACC1421,45485.53,0
TX001834,2026-09-21 11:02:12,ACC1217,ACC1424,8286.52,0
TX001835,2026-09-21 11:02:16,ACC1454,ACC1066,21556.96,0
TX001836,2026-09-21 11:02:20,ACC1346,ACC1269,58865.12,0
TX001837,2026-09-21 10:31:48,ACC1202,ACC1446,58471.95,0
TX001838,2026-09-21 11:02:28,ACC1225,ACC1352,73198.52,0
TX001839,2026-09-21 11:33:10,ACC1083,ACC1073,12799.69,0
TX001840,2026-09-21 11:33:15,ACC1066,ACC1495,86340.84,1
TX001841,2026-09-21 11:02:40,ACC1108,ACC1233,3357.48,0
TX001842,2026-09-21 09:30:41,ACC1286,ACC1189,60199.86,0
TX001843,2026-09-21 11:33:30,ACC1061,ACC1189,29030.1,0
TX001844,2026-09-21 10:32:09,ACC1060,ACC1190,99102.91,0
TX001845,2026-09-21 10:01:28,ACC1248,ACC1014,14299.77,0
TX001846,2026-09-21 10:32:15,ACC1024,ACC1479,88916.81,0
TX001847,2026-09-21 11:03:04,ACC1419,ACC1378,308.37,0
TX001848,2026-09-21 09:30:47,ACC1034,ACC1445,41815.76,0
TX001849,2026-09-21 10:32:24,ACC1289,ACC1231,78156.8,0
TX001850,2026-09-21 11:34:05,ACC1368,ACC1426,13367.68,0
TX001851,2026-09-21 11:03:20,ACC1325,ACC1235,66755.35,0
TX001852,2026-09-21 09:30:51,ACC1372,ACC1166,80001.18,0
TX001853,2026-09-21 10:01:44,ACC1209,ACC1198,90034.42,0
TX001854,2026-09-21 11:03:32,ACC1023,ACC1490,73617.69,0
TX001855,2026-09-21 09:30:54,ACC1443,ACC1084,57242.28,0
TX001856,2026-09-21 11:34:35,ACC1362,ACC1158,64551.45,0
TX001857,2026-09-21 11:34:40,ACC1043,ACC1098,54229.25,0
TX001858,2026-09-21 11:34:45,ACC1490,ACC1291,19020.65,0
TX001859,2026-09-21 09:30:58,ACC1459,ACC1009,65859.62,0
TX001860,2026-09-21 10:32:57,ACC1492,ACC1009,78697.03,0
TX001861,2026-09-21 11:35:00,ACC1361,ACC1429,44478.52,0
TX001862,2026-09-21 11:04:04,ACC1310,ACC1164,58930.41,0
TX001863,2026-09-21 10:33:06,ACC1478,ACC1011,43758.04,0
TX001864,2026-09-21 10:33:09,ACC1440,ACC1270,38262.9,0
TX001865,2026-09-21 10:02:08,ACC1050,ACC1277,28606.64,0
TX001866,2026-09-21 10:02:10,ACC1393,ACC1045,30748.74,0
TX001867,2026-09-21 11:35:30,ACC1086,ACC1030,96116.22,0
TX001868,2026-09-21 10:33:21,ACC1365,ACC1029,39054.98,0
TX001869,2026-09-21 10:33:24,ACC1211,ACC1457,25867.64,0
TX001870,2026-09-21 09:31:09,ACC1460,ACC1061,20335.69,0
TX001871,2026-09-21 11:04:40,ACC1300,ACC1121,50911.27,0
TX001872,2026-09-21 10:33:33,ACC1486,ACC1058,6157.13,0
TX001873,2026-09-21 11:04:48,ACC1208,ACC1033,2987.75,0
TX001874,2026-09-21 09:31:13,ACC1467,ACC1453,26989.06,0
TX001875,2026-09-21 10:02:28,ACC1345,ACC1051,76321.53,0
TX001876,2026-09-21 11:36:15,ACC1064,ACC1155,40733.92,0
TX001877,2026-09-21 10:02:32,ACC1325,ACC1256,78309.87,0
TX001878,2026-09-21 10:02:34,ACC1276,ACC1086,53799.81,0
TX001879,2026-09-21 11:05:12,ACC1466,ACC1284,4275.03,0
TX001880,2026-09-21 11:36:35,ACC1492,ACC1424,28996.02,0
TX001881,2026-09-21 11:05:20,ACC1000,ACC1030,27402.96,0
TX001882,2026-09-21 10:34:03,ACC1348,ACC1194,84259.62,0
TX001883,2026-09-21 10:34:06,ACC1430,ACC1261,4643.92,0
TX001884,2026-09-21 10:34:09,ACC1288,ACC1035,9062.54,0
TX001885,2026-09-21 11:37:00,ACC1425,ACC1071,99882.24,0
TX001886,2026-09-21 11:37:05,ACC1107,ACC1312,95745.98,0
TX001887,2026-09-21 10:34:18,ACC1349,ACC1484,63553.47,0
TX001888,2026-09-21 10:34:21,ACC1362,ACC1231,24668.24,0
TX001889,2026-09-21 11:05:52,ACC1174,ACC1107,95903.37,0
TX001890,2026-09-21 10:02:58,ACC1467,ACC1354,64679.68,1
TX001891,2026-09-21 09:31:30,ACC1243,ACC1002,67303.37,0
TX001892,2026-09-21 11:06:04,ACC1458,ACC1356,76270.28,0
TX001893,2026-09-21 09:31:32,ACC1403,ACC1448,53911.07,0
TX001894,2026-09-21 11:06:12,ACC1417,ACC1343,67257.37,0
TX001895,2026-09-21 11:37:50,ACC1416,ACC1192,35860.78,0
TX001896,2026-09-21 09:31:35,ACC1393,ACC1415,12563.91,0
TX001897,2026-09-21 09:31:36,ACC1098,ACC1227,22229.92,1
TX001898,2026-09-21 10:34:51,ACC1143,ACC1348,19232.02,0
TX001899,2026-09-21 10:03:16,ACC1320,ACC1155,23502.37,0
TX001900,2026-09-21 10:34:57,ACC1185,ACC1018,49334.5,0
TX001901,2026-09-21 09:31:40,ACC1310,ACC1107,19689.07,0
TX001902,2026-09-21 10:35:03,ACC1202,ACC1056,56953.31,0
TX001903,2026-09-21 11:38:30,ACC1282,ACC1099,67250.34,0
TX001904,2026-09-21 11:38:35,ACC1089,ACC1033,12911.81,0
TX001905,2026-09-21 11:38:40,ACC1132,ACC1477,85562.35,0
TX001906,2026-09-21 10:35:15,ACC1373,ACC1400,19265.97,0
TX001907,2026-09-21 11:38:50,ACC1496,ACC1354,61484.21,0
TX001908,2026-09-21 09:31:47,ACC1452,ACC1232,93795.25,0
TX001909,2026-09-21 09:31:48,ACC1482,ACC1332,85400.6,0
TX001910,2026-09-21 10:35:27,ACC1432,ACC1208,12259.6,0
TX001911,2026-09-21 11:39:10,ACC1253,ACC1185,75926.27,0
TX001912,2026-09-21 10:35:33,ACC1114,ACC1024,91847.31,0
TX001913,2026-09-21 11:07:28,ACC1161,ACC1002,19541.35,0
TX001914,2026-09-21 09:31:53,ACC1292,ACC1413,99027.44,0
TX001915,2026-09-21 09:31:54,ACC1353,ACC1216,91707.82,0
TX001916,2026-09-21 09:31:55,ACC1168,ACC1159,62636.87,0
TX001917,2026-09-21 09:31:56,ACC1245,ACC1221,59293.82,0
TX001918,2026-09-21 10:35:51,ACC1171,ACC1430,24790.64,0
TX001919,2026-09-21 09:31:58,ACC1490,ACC1174,82181.22,0
TX001920,2026-09-21 09:31:59,ACC1121,ACC1483,77597.37,0
TX001921,2026-09-21 11:08:00,ACC1391,ACC1048,57935.55,0
TX001922,2026-09-21 09:32:01,ACC1031,ACC1469,37801.77,0
TX001923,2026-09-21 10:04:04,ACC1355,ACC1033,6294.02,0
TX001924,2026-09-21 11:40:15,ACC1028,ACC1154,62655.9,1
TX001925,2026-09-21 11:40:20,ACC1346,ACC1028,5315.09,0
TX001926,2026-09-21 11:40:25,ACC1205,ACC1049,75221.14,0
TX001927,2026-09-21 11:40:30,ACC1306,ACC1403,1159.59,0
TX001928,2026-09-21 11:40:35,ACC1407,ACC1219,61961.13,0
TX001929,2026-09-21 09:32:08,ACC1480,ACC1345,45462.27,0
TX001930,2026-09-21 09:32:09,ACC1098,ACC1055,1327.63,0
TX001931,2026-09-21 10:04:20,ACC1303,ACC1404,90446.56,0
TX001932,2026-09-21 10:36:33,ACC1260,ACC1131,42158.6,0
TX001933,2026-09-21 10:04:24,ACC1227,ACC1095,13853.5,0
TX001934,2026-09-21 11:41:05,ACC1065,ACC1159,43641.23,0
TX001935,2026-09-21 10:36:42,ACC1386,ACC1183,58408.23,0
TX001936,2026-09-21 11:09:00,ACC1074,ACC1075,30936.57,0
TX001937,2026-09-21 09:32:16,ACC1188,ACC1496,51816.29,0
TX001938,2026-09-21 10:04:34,ACC1074,ACC1029,50760.08,0
TX001939,2026-09-21 11:09:12,ACC1439,ACC1027,34447.23,0
TX001940,2026-09-21 10:04:38,ACC1327,ACC1465,78547.85,0
TX001941,2026-09-21 11:09:20,ACC1341,ACC1243,60016.25,0
TX001942,2026-09-21 10:37:03,ACC1296,ACC1289,61648.7,0
TX001943,2026-09-21 11:09:28,ACC1083,ACC1053,87622.94,0
TX001944,2026-09-21 09:32:23,ACC1253,ACC1112,63912.83,0
TX001945,2026-09-21 10:04:48,ACC1238,ACC1319,23978.0,0
TX001946,2026-09-21 10:37:15,ACC1487,ACC1417,80746.4,0
TX001947,2026-09-21 09:32:26,ACC1204,ACC1094,36345.43,0
TX001948,2026-09-21 09:32:27,ACC1015,ACC1284,14325.96,0
TX001949,2026-09-21 10:37:24,ACC1323,ACC1299,4486.09,0
TX001950,2026-09-21 10:04:58,ACC1101,ACC1145,21972.61,0
TX001951,2026-09-21 11:42:30,ACC1089,ACC1173,24671.83,0
TX001952,2026-09-21 10:37:33,ACC1090,ACC1431,91073.83,1
TX001953,2026-09-21 11:10:08,ACC1346,ACC1070,65521.43,0
TX001954,2026-09-21 10:05:06,ACC1173,ACC1479,30576.73,0
TX001955,2026-09-21 10:05:08,ACC1414,ACC1190,94122.06,0
TX001956,2026-09-21 11:10:20,ACC1319,ACC1451,87850.94,1
TX001957,2026-09-21 10:05:12,ACC1073,ACC1451,79510.32,0
TX001958,2026-09-21 10:37:51,ACC1193,ACC1355,31863.37,0
TX001959,2026-09-21 09:32:38,ACC1325,ACC1125,76331.93,0
TX001960,2026-09-21 10:37:57,ACC1437,ACC1274,78979.82,0
TX001961,2026-09-21 10:38:00,ACC1027,ACC1322,87297.86,0
TX001962,2026-09-21 11:10:44,ACC1495,ACC1299,21002.83,0
TX001963,2026-09-21 11:43:30,ACC1240,ACC1404,6580.82,0
TX001964,2026-09-21 11:43:35,ACC1384,ACC1451,37489.18,0
TX001965,2026-09-21 10:38:12,ACC1091,ACC1164,52595.02,0
TX001966,2026-09-21 11:11:00,ACC1489,ACC1253,26906.71,0
TX001967,2026-09-21 11:43:50,ACC1471,ACC1404,65008.75,0
TX001968,2026-09-21 11:11:08,ACC1458,ACC1103,86330.51,0
TX001969,2026-09-21 11:11:12,ACC1156,ACC1217,57179.9,0
TX001970,2026-09-21 11:44:05,ACC1191,ACC1130,8567.42,0
TX001971,2026-09-21 11:44:10,ACC1151,ACC1227,35222.34,0
TX001972,2026-09-21 11:44:15,ACC1238,ACC1262,33703.76,0
TX001973,2026-09-21 10:38:36,ACC1221,ACC1209,80470.0,0
TX001974,2026-09-21 10:05:46,ACC1195,ACC1012,44224.68,0
TX001975,2026-09-21 09:32:54,ACC1038,ACC1183,29522.33,0
TX001976,2026-09-21 09:32:55,ACC1279,ACC1329,78608.74,0
TX001977,2026-09-21 09:32:56,ACC1050,ACC1060,36087.67,0
TX001978,2026-09-21 10:38:51,ACC1170,ACC1100,25077.36,0
TX001979,2026-09-21 10:38:54,ACC1393,ACC1349,19145.18,0
TX001980,2026-09-21 11:44:55,ACC1070,ACC1437,91247.01,1
TX001981,2026-09-21 10:39:00,ACC1153,ACC1144,78334.51,0
TX001982,2026-09-21 11:45:05,ACC1207,ACC1420,75804.83,1
TX001983,2026-09-21 10:06:04,ACC1334,ACC1262,86560.07,0
TX001984,2026-09-21 10:06:06,ACC1370,ACC1383,47496.38,0
TX001985,2026-09-21 11:12:16,ACC1402,ACC1282,72278.78,0
TX001986,2026-09-21 10:39:15,ACC1405,ACC1043,84595.59,0
TX001987,2026-09-21 11:12:24,ACC1482,ACC1357,21037.52,0
TX001988,2026-09-21 10:39:21,ACC1285,ACC1015,13981.13,0
TX001989,2026-09-21 09:33:08,ACC1156,ACC1482,50030.04,0
TX001990,2026-09-21 10:06:18,ACC1181,ACC1173,41972.82,0
TX001991,2026-09-21 11:45:50,ACC1206,ACC1390,30033.76,0
TX001992,2026-09-21 09:33:11,ACC1290,ACC1402,92222.2,0
TX001993,2026-09-21 11:46:00,ACC1487,ACC1169,63020.95,0
TX001994,2026-09-21 11:12:52,ACC1311,ACC1293,98019.19,0
TX001995,2026-09-21 11:46:10,ACC1200,ACC1032,38704.74,0
TX001996,2026-09-21 11:13:00,ACC1168,ACC1291,63936.43,0
TX001997,2026-09-21 11:46:20,ACC1087,ACC1053,17845.85,0
TX001998,2026-09-21 09:33:17,ACC1308,ACC1250,18750.54,0
TX001999,2026-09-21 10:39:54,ACC1493,ACC1197,20668.64,0
TX002000,2026-09-21 11:13:16,ACC1268,ACC1035,5839.57,0
TX002001,2026-09-21 11:13:20,ACC1087,ACC1167,39171.42,0
TX002002,2026-09-21 11:13:24,ACC1066,ACC1274,47877.29,1
TX002003,2026-09-21 10:06:44,ACC1489,ACC1462,13080.24,0
TX002004,2026-09-21 11:13:32,ACC1221,ACC1418,15962.25,0
TX002005,2026-09-21 10:06:48,ACC1158,ACC1300,50297.25,0
TX002006,2026-09-21 09:33:25,ACC1141,ACC1103,99109.4,0
TX002007,2026-09-21 11:47:10,ACC1422,ACC1204,80775.83,0
TX002008,2026-09-21 11:13:48,ACC1466,ACC1291,46074.44,0
TX002009,2026-09-21 10:40:24,ACC1377,ACC1046,64665.28,0
TX002010,2026-09-21 10:40:27,ACC1177,ACC1358,39169.93,0
TX002011,2026-09-21 11:14:00,ACC1435,ACC1089,24988.57,0
TX002012,2026-09-21 11:14:04,ACC1375,ACC1221,38528.03,0
TX002013,2026-09-21 09:33:32,ACC1357,ACC1291,39415.78,0
TX002014,2026-09-21 10:07:06,ACC1122,ACC1453,27450.25,0
TX002015,2026-09-21 09:33:34,ACC1149,ACC1341,69834.59,0
TX002016,2026-09-21 11:14:20,ACC1111,ACC1465,41186.69,0
TX002017,2026-09-21 09:33:36,ACC1062,ACC1188,75564.15,0
TX002018,2026-09-21 11:14:28,ACC1399,ACC1166,45148.5,0
TX002019,2026-09-21 11:14:32,ACC1259,ACC1022,2769.12,0
TX002020,2026-09-21 11:14:36,ACC1345,ACC1383,38177.44,0
TX002021,2026-09-21 11:14:40,ACC1438,ACC1099,3873.69,0
TX002022,2026-09-21 10:07:22,ACC1363,ACC1469,32778.33,0
TX002023,2026-09-21 09:33:42,ACC1248,ACC1236,8346.61,0
TX002024,2026-09-21 11:14:52,ACC1365,ACC1486,14111.55,0
TX002025,2026-09-21 10:07:28,ACC1430,ACC1082,83865.74,0
TX002026,2026-09-21 09:33:45,ACC1090,ACC1150,53511.92,0
TX002027,2026-09-21 09:33:46,ACC1039,ACC1343,67770.58,0
TX002028,2026-09-21 10:07:34,ACC1183,ACC1091,71469.79,0
TX002029,2026-09-21 11:15:12,ACC1272,ACC1110,69704.56,0
TX002030,2026-09-21 09:33:49,ACC1415,ACC1267,39122.78,0
TX002031,2026-09-21 09:33:50,ACC1026,ACC1306,4961.6,0
TX002032,2026-09-21 10:07:42,ACC1103,ACC1475,37527.01,0
TX002033,2026-09-21 11:15:28,ACC1046,ACC1008,2891.62,1
TX002034,2026-09-21 09:33:53,ACC1420,ACC1098,22134.73,0
TX002035,2026-09-21 10:07:48,ACC1408,ACC1427,72428.75,1
TX002036,2026-09-21 10:41:45,ACC1262,ACC1055,32335.69,0
TX002037,2026-09-21 11:49:40,ACC1319,ACC1106,39566.89,0
TX002038,2026-09-21 09:33:57,ACC1118,ACC1109,35721.97,0
TX002039,2026-09-21 10:41:54,ACC1205,ACC1334,1296.94,0
TX002040,2026-09-21 10:41:57,ACC1112,ACC1033,65029.51,0
TX002041,2026-09-21 10:08:00,ACC1034,ACC1453,41168.57,0
TX002042,2026-09-21 11:50:05,ACC1255,ACC1052,79146.85,0
TX002043,2026-09-21 10:42:06,ACC1291,ACC1087,95907.57,0
TX002044,2026-09-21 11:16:12,ACC1323,ACC1356,67822.26,0
TX002045,2026-09-21 10:42:12,ACC1355,ACC1068,17615.57,0
TX002046,2026-09-21 11:16:20,ACC1352,ACC1162,6844.6,1
TX002047,2026-09-21 11:16:24,ACC1466,ACC1299,38298.9,0
TX002048,2026-09-21 11:50:35,ACC1119,ACC1257,70492.45,1
TX002049,2026-09-21 09:34:08,ACC1010,ACC1315,30953.98,0
TX002050,2026-09-21 11:50:45,ACC1387,ACC1124,8031.03,0
TX002051,2026-09-21 10:08:20,ACC1255,ACC1151,15251.89,0
TX002052,2026-09-21 11:50:55,ACC1019,ACC1121,98856.28,0
TX002053,2026-09-21 10:08:24,ACC1449,ACC1168,27884.83,0
TX002054,2026-09-21 11:51:05,ACC1389,ACC1020,79198.8,0
TX002055,2026-09-21 09:34:14,ACC1416,ACC1147,22978.1,0
TX002056,2026-09-21 10:08:30,ACC1175,ACC1124,53977.24,0
TX002057,2026-09-21 10:08:32,ACC1340,ACC1127,60845.51,0
TX002058,2026-09-21 11:17:08,ACC1164,ACC1093,63015.27,1
TX002059,2026-09-21 10:08:36,ACC1251,ACC1035,5305.48,0
TX002060,2026-09-21 10:08:38,ACC1480,ACC1104,9266.76,0
TX002061,2026-09-21 10:08:40,ACC1425,ACC1407,23707.38,0
TX002062,2026-09-21 10:43:03,ACC1371,ACC1239,16499.47,0
TX002063,2026-09-21 11:51:50,ACC1217,ACC1090,24972.05,0
TX002064,2026-09-21 10:08:46,ACC1229,ACC1495,27258.89,0
TX002065,2026-09-21 10:43:12,ACC1040,ACC1486,39884.62,0
TX002066,2026-09-21 11:52:05,ACC1225,ACC1216,60978.48,0
TX002067,2026-09-21 11:17:44,ACC1079,ACC1419,2079.13,0
TX002068,2026-09-21 10:43:21,ACC1437,ACC1042,59558.82,0
TX002069,2026-09-21 10:43:24,ACC1372,ACC1089,38106.98,0
TX002070,2026-09-21 11:52:25,ACC1145,ACC1192,60641.93,1
TX002071,2026-09-21 11:18:00,ACC1069,ACC1366,19652.0,0
TX002072,2026-09-21 11:52:35,ACC1002,ACC1006,73063.83,0
TX002073,2026-09-21 11:18:08,ACC1207,ACC1473,94034.47,0
TX002074,2026-09-21 11:18:12,ACC1191,ACC1196,30850.3,0
TX002075,2026-09-21 09:34:34,ACC1036,ACC1209,99248.0,1
TX002076,2026-09-21 10:09:10,ACC1477,ACC1289,19503.4,0
TX002077,2026-09-21 10:43:48,ACC1130,ACC1394,51009.88,0
TX002078,2026-09-21 09:34:37,ACC1352,ACC1188,65125.54,0
TX002079,2026-09-21 10:09:16,ACC1376,ACC1126,47824.78,0
TX002080,2026-09-21 09:34:39,ACC1185,ACC1323,69777.4,0
TX002081,2026-09-21 11:18:40,ACC1133,ACC1309,94432.1,0
TX002082,2026-09-21 11:53:25,ACC1126,ACC1308,95182.65,0
TX002083,2026-09-21 09:34:42,ACC1006,ACC1059,64475.3,0
TX002084,2026-09-21 11:53:35,ACC1203,ACC1361,97417.14,1
TX002085,2026-09-21 11:18:56,ACC1465,ACC1096,16665.78,0
TX002086,2026-09-21 11:53:45,ACC1354,ACC1154,96771.57,0
TX002087,2026-09-21 10:44:18,ACC1195,ACC1300,73419.95,0
TX002088,2026-09-21 09:34:47,ACC1473,ACC1372,11016.48,0
TX002089,2026-09-21 10:09:36,ACC1408,ACC1176,26975.23,0
TX002090,2026-09-21 10:44:27,ACC1383,ACC1203,741.39,0
TX002091,2026-09-21 09:34:50,ACC1251,ACC1000,7077.17,0
TX002092,2026-09-21 10:44:33,ACC1268,ACC1213,73330.92,0
TX002093,2026-09-21 10:09:44,ACC1191,ACC1095,19882.25,0
TX002094,2026-09-21 11:19:32,ACC1485,ACC1056,56752.5,0
TX002095,2026-09-21 10:09:48,ACC1102,ACC1030,80936.94,0
TX002096,2026-09-21 11:19:40,ACC1461,ACC1446,44128.97,0
TX002097,2026-09-21 10:09:52,ACC1055,ACC1444,8073.0,0
TX002098,2026-09-21 09:34:57,ACC1063,ACC1141,34280.98,0
TX002099,2026-09-21 09:34:58,ACC1244,ACC1248,1049.71,0
TX002100,2026-09-21 11:54:55,ACC1489,ACC1003,78941.8,1
TX002101,2026-09-21 09:35:00,ACC1108,ACC1267,37629.01,0
TX002102,2026-09-21 10:45:03,ACC1492,ACC1389,93219.63,0
TX002103,2026-09-21 11:20:08,ACC1172,ACC1309,33721.37,0
TX002104,2026-09-21 10:10:06,ACC1175,ACC1161,94105.01,0
TX002105,2026-09-21 09:35:04,ACC1193,ACC1312,97532.98,0
TX002106,2026-09-21 09:35:05,ACC1412,ACC1051,45746.23,0
TX002107,2026-09-21 10:10:12,ACC1371,ACC1427,2665.47,0
TX002108,2026-09-21 10:10:14,ACC1271,ACC1143,36906.15,0
TX002109,2026-09-21 11:20:32,ACC1337,ACC1445,51539.91,0
TX002110,2026-09-21 10:45:27,ACC1001,ACC1326,1761.37,0
TX002111,2026-09-21 10:45:30,ACC1023,ACC1496,67825.15,0
TX002112,2026-09-21 11:55:55,ACC1248,ACC1204,79416.64,0
TX002113,2026-09-21 11:20:48,ACC1480,ACC1476,98688.46,0
TX002114,2026-09-21 11:20:52,ACC1463,ACC1051,29456.91,0
TX002115,2026-09-21 11:56:10,ACC1073,ACC1445,87635.78,0
TX002116,2026-09-21 09:35:15,ACC1366,ACC1258,12873.35,0
TX002117,2026-09-21 11:56:20,ACC1154,ACC1426,98723.24,0
TX002118,2026-09-21 09:35:17,ACC1458,ACC1228,48268.64,0
TX002119,2026-09-21 10:10:36,ACC1124,ACC1108,75349.93,0
TX002120,2026-09-21 11:21:16,ACC1045,ACC1054,99336.81,1
TX002121,2026-09-21 11:21:20,ACC1475,ACC1167,76654.25,0
TX002122,2026-09-21 11:21:24,ACC1131,ACC1340,95155.24,0
TX002123,2026-09-21 11:56:50,ACC1340,ACC1069,63391.46,0
TX002124,2026-09-21 10:46:09,ACC1407,ACC1354,87206.87,0
TX002125,2026-09-21 11:57:00,ACC1392,ACC1473,6560.24,0
TX002126,2026-09-21 11:21:40,ACC1466,ACC1367,65426.57,0
TX002127,2026-09-21 11:21:44,ACC1494,ACC1438,80863.9,0
TX002128,2026-09-21 09:35:27,ACC1059,ACC1148,11227.11,0
TX002129,2026-09-21 10:10:56,ACC1303,ACC1479,74487.31,0
TX002130,2026-09-21 10:46:27,ACC1188,ACC1065,95411.46,0
TX002131,2026-09-21 09:35:30,ACC1000,ACC1159,59046.97,0
TX002132,2026-09-21 10:46:33,ACC1198,ACC1216,77150.96,0
TX002133,2026-09-21 10:11:04,ACC1478,ACC1407,52023.16,0
TX002134,2026-09-21 11:22:12,ACC1113,ACC1054,1017.93,0
TX002135,2026-09-21 10:46:42,ACC1161,ACC1074,83737.94,0
TX002136,2026-09-21 11:57:55,ACC1233,ACC1075,28410.94,0
TX002137,2026-09-21 09:35:36,ACC1434,ACC1410,59928.14,0
TX002138,2026-09-21 10:46:51,ACC1352,ACC1063,99685.18,0
TX002139,2026-09-21 10:11:16,ACC1244,ACC1323,49553.05,0
TX002140,2026-09-21 10:46:57,ACC1192,ACC1030,15354.95,0
TX002141,2026-09-21 10:11:20,ACC1434,ACC1375,70070.7,1
TX002142,2026-09-21 10:11:22,ACC1443,ACC1397,85692.2,0
TX002143,2026-09-21 10:11:24,ACC1153,ACC1417,99107.22,0
TX002144,2026-09-21 11:22:52,ACC1172,ACC1216,99032.4,0
TX002145,2026-09-21 11:58:40,ACC1200,ACC1036,72702.78,0
TX002146,2026-09-21 11:58:45,ACC1472,ACC1099,39437.87,0
TX002147,2026-09-21 11:58:50,ACC1385,ACC1405,86598.96,1
TX002148,2026-09-21 10:47:21,ACC1478,ACC1363,45807.5,0
TX002149,2026-09-21 11:23:12,ACC1070,ACC1226,29179.05,0
TX002150,2026-09-21 10:11:38,ACC1111,ACC1411,73558.36,1
TX002151,2026-09-21 11:59:10,ACC1371,ACC1438,10284.59,0
TX002152,2026-09-21 11:23:24,ACC1439,ACC1075,95044.78,0
TX002153,2026-09-21 09:35:52,ACC1430,ACC1086,9695.17,0
TX002154,2026-09-21 09:35:53,ACC1091,ACC1483,11822.95,0
TX002155,2026-09-21 11:23:36,ACC1173,ACC1303,96975.72,0
TX002156,2026-09-21 09:35:55,ACC1206,ACC1125,11968.37,0
TX002157,2026-09-21 11:59:40,ACC1154,ACC1352,95460.08,0
TX002158,2026-09-21 09:35:57,ACC1192,ACC1397,77795.31,0
TX002159,2026-09-21 10:47:54,ACC1332,ACC1195,63270.12,0
TX002160,2026-09-21 09:35:59,ACC1005,ACC1061,8355.44,0
TX002161,2026-09-21 12:00:00,ACC1342,ACC1465,22571.01,0
TX002162,2026-09-21 10:48:03,ACC1293,ACC1245,69403.21,1
TX002163,2026-09-21 11:24:08,ACC1303,ACC1092,48470.73,0
TX002164,2026-09-21 12:00:15,ACC1222,ACC1152,12611.12,0
TX002165,2026-09-21 12:00:20,ACC1365,ACC1465,18570.5,0
TX002166,2026-09-21 12:00:25,ACC1010,ACC1201,81764.54,0
TX002167,2026-09-21 09:36:06,ACC1271,ACC1250,51938.22,0
TX002168,2026-09-21 09:36:07,ACC1365,ACC1419,75375.47,0
TX002169,2026-09-21 09:36:08,ACC1337,ACC1459,18148.35,0
TX002170,2026-09-21 12:00:45,ACC1092,ACC1002,44778.56,0
TX002171,2026-09-21 12:00:50,ACC1020,ACC1065,20702.37,0
TX002172,2026-09-21 09:36:11,ACC1287,ACC1131,8552.57,0
TX002173,2026-09-21 12:01:00,ACC1152,ACC1186,17243.16,0
TX002174,2026-09-21 10:12:26,ACC1336,ACC1000,30129.94,0
TX002175,2026-09-21 10:48:42,ACC1265,ACC1463,65949.84,0
TX002176,2026-09-21 10:48:45,ACC1295,ACC1251,52314.36,0
TX002177,2026-09-21 12:01:20,ACC1180,ACC1310,51107.98,0
TX002178,2026-09-21 09:36:17,ACC1339,ACC1419,23786.33,0
TX002179,2026-09-21 10:12:36,ACC1153,ACC1438,95746.55,0
TX002180,2026-09-21 10:48:57,ACC1110,ACC1302,27811.83,0
TX002181,2026-09-21 12:01:40,ACC1216,ACC1038,25571.24,0
TX002182,2026-09-21 11:25:24,ACC1462,ACC1083,45661.17,0
TX002183,2026-09-21 10:12:44,ACC1346,ACC1217,53636.84,1
TX002184,2026-09-21 10:12:46,ACC1375,ACC1137,71473.05,0
TX002185,2026-09-21 12:02:00,ACC1331,ACC1420,60533.97,0
TX002186,2026-09-21 11:25:40,ACC1078,ACC1161,37956.3,0
TX002187,2026-09-21 10:49:18,ACC1126,ACC1039,12549.66,0
TX002188,2026-09-21 09:36:27,ACC1280,ACC1208,33002.82,0
TX002189,2026-09-21 10:49:24,ACC1465,ACC1170,14718.33,0
TX002190,2026-09-21 09:36:29,ACC1140,ACC1005,37777.88,0
TX002191,2026-09-21 09:36:30,ACC1193,ACC1487,78295.09,0
TX002192,2026-09-21 10:49:33,ACC1269,ACC1372,58923.82,0
TX002193,2026-09-21 10:49:36,ACC1048,ACC1270,70075.51,0
TX002194,2026-09-21 12:02:45,ACC1282,ACC1138,9996.71,0
TX002195,2026-09-21 11:26:16,ACC1162,ACC1484,18149.18,0
TX002196,2026-09-21 12:02:55,ACC1347,ACC1495,55212.0,0
TX002197,2026-09-21 12:03:00,ACC1206,ACC1244,12844.46,1
TX002198,2026-09-21 10:13:14,ACC1262,ACC1365,65790.54,0
TX002199,2026-09-21 10:49:54,ACC1290,ACC1376,5381.18,0
TX002200,2026-09-21 10:13:18,ACC1498,ACC1189,67853.7,0
TX002201,2026-09-21 11:26:40,ACC1234,ACC1093,98626.0,0
TX002202,2026-09-21 10:50:03,ACC1257,ACC1146,95266.37,0
TX002203,2026-09-21 10:13:24,ACC1367,ACC1451,30588.22,0
TX002204,2026-09-21 11:26:52,ACC1485,ACC1156,77080.78,0
TX002205,2026-09-21 09:36:44,ACC1324,ACC1040,73022.31,0
TX002206,2026-09-21 09:36:45,ACC1084,ACC1294,8550.05,0
TX002207,2026-09-21 09:36:46,ACC1475,ACC1252,96220.42,0
TX002208,2026-09-21 10:13:34,ACC1260,ACC1477,48017.63,0
TX002209,2026-09-21 12:04:00,ACC1346,ACC1454,69818.41,0
TX002210,2026-09-21 09:36:49,ACC1315,ACC1097,71444.59,0
TX002211,2026-09-21 10:13:40,ACC1383,ACC1176,99422.77,0
TX002212,2026-09-21 12:04:15,ACC1471,ACC1421,68439.4,1
TX002213,2026-09-21 10:13:44,ACC1229,ACC1493,67484.76,0
TX002214,2026-09-21 10:13:46,ACC1268,ACC1462,17563.94,0
TX002215,2026-09-21 10:50:42,ACC1068,ACC1263,95253.11,0
TX002216,2026-09-21 10:50:45,ACC1194,ACC1087,96975.87,0
TX002217,2026-09-21 12:04:40,ACC1347,ACC1127,85092.63,0
TX002218,2026-09-21 11:27:48,ACC1148,ACC1153,29425.15,0
TX002219,2026-09-21 12:04:50,ACC1377,ACC1323,39422.79,0
TX002220,2026-09-21 12:04:55,ACC1475,ACC1477,82590.17,1
TX002221,2026-09-21 12:05:00,ACC1237,ACC1456,84850.34,1
TX002222,2026-09-21 11:28:04,ACC1003,ACC1315,32922.32,0
TX002223,2026-09-21 10:14:04,ACC1002,ACC1179,40266.6,1
TX002224,2026-09-21 10:14:06,ACC1220,ACC1251,8565.9,0
TX002225,2026-09-21 09:37:04,ACC1078,ACC1210,91319.6,1
TX002226,2026-09-21 10:51:15,ACC1393,ACC1336,22686.91,0
TX002227,2026-09-21 11:28:24,ACC1153,ACC1186,89230.12,0
TX002228,2026-09-21 11:28:28,ACC1137,ACC1055,65662.34,0
TX002229,2026-09-21 11:28:32,ACC1071,ACC1181,680.44,0
TX002230,2026-09-21 09:37:09,ACC1363,ACC1101,19037.75,0
TX002231,2026-09-21 10:51:30,ACC1202,ACC1215,90109.68,0
TX002232,2026-09-21 11:28:44,ACC1101,ACC1485,95973.92,0
TX002233,2026-09-21 11:28:48,ACC1060,ACC1215,55057.35,0
TX002234,2026-09-21 10:51:39,ACC1365,ACC1065,75133.88,0
TX002235,2026-09-21 11:28:56,ACC1204,ACC1256,13228.63,0
TX002236,2026-09-21 10:14:30,ACC1405,ACC1010,15638.64,0
TX002237,2026-09-21 10:14:32,ACC1392,ACC1350,5298.78,0
TX002238,2026-09-21 12:06:25,ACC1219,ACC1499,73769.41,0
TX002239,2026-09-21 11:29:12,ACC1148,ACC1144,8353.23,0
TX002240,2026-09-21 12:06:35,ACC1316,ACC1078,18767.34,0
TX002241,2026-09-21 10:52:00,ACC1058,ACC1442,99426.28,0
TX002242,2026-09-21 10:14:42,ACC1420,ACC1219,47441.89,0
TX002243,2026-09-21 12:06:50,ACC1052,ACC1358,61148.93,0
TX002244,2026-09-21 10:14:46,ACC1437,ACC1302,23015.48,0
TX002245,2026-09-21 10:14:48,ACC1019,ACC1140,92916.92,0
TX002246,2026-09-21 09:37:25,ACC1315,ACC1102,86448.58,0
TX002247,2026-09-21 10:14:52,ACC1268,ACC1156,22255.35,0
TX002248,2026-09-21 11:29:48,ACC1031,ACC1261,64422.93,0
TX002249,2026-09-21 10:52:24,ACC1137,ACC1186,94305.57,0
TX002250,2026-09-21 09:37:29,ACC1126,ACC1163,18256.99,1
TX002251,2026-09-21 10:52:30,ACC1338,ACC1381,21276.56,0
TX002252,2026-09-21 09:37:31,ACC1465,ACC1310,43147.66,0
TX002253,2026-09-21 10:52:36,ACC1251,ACC1186,30505.23,0
TX002254,2026-09-21 12:07:45,ACC1006,ACC1349,77069.32,0
TX002255,2026-09-21 10:52:42,ACC1184,ACC1379,74318.91,0
TX002256,2026-09-21 10:15:10,ACC1309,ACC1190,65059.81,0
TX002257,2026-09-21 09:37:36,ACC1196,ACC1044,13135.49,0
TX002258,2026-09-21 12:08:05,ACC1061,ACC1021,96836.19,0
TX002259,2026-09-21 10:15:16,ACC1418,ACC1097,70495.54,0
TX002260,2026-09-21 12:08:15,ACC1038,ACC1482,61939.14,0
TX002261,2026-09-21 10:15:20,ACC1242,ACC1389,53402.4,0
TX002262,2026-09-21 11:30:44,ACC1065,ACC1098,55094.52,0
TX002263,2026-09-21 12:08:30,ACC1449,ACC1388,97515.1,0
TX002264,2026-09-21 09:37:43,ACC1229,ACC1322,91093.83,1
TX002265,2026-09-21 12:08:40,ACC1214,ACC1268,79109.43,0
TX002266,2026-09-21 10:15:30,ACC1140,ACC1356,29036.67,0
TX002267,2026-09-21 10:15:32,ACC1031,ACC1406,74097.45,0
TX002268,2026-09-21 12:08:55,ACC1350,ACC1272,97156.69,0
TX002269,2026-09-21 11:31:12,ACC1384,ACC1260,56293.61,0
TX002270,2026-09-21 10:15:38,ACC1310,ACC1139,18488.23,0
TX002271,2026-09-21 09:37:50,ACC1111,ACC1303,87927.59,0
TX002272,2026-09-21 12:09:15,ACC1233,ACC1257,25957.58,0
TX002273,2026-09-21 10:53:36,ACC1151,ACC1362,55259.88,0
TX002274,2026-09-21 10:15:46,ACC1023,ACC1273,29255.15,0
TX002275,2026-09-21 10:53:42,ACC1482,ACC1452,92732.07,0
TX002276,2026-09-21 10:15:50,ACC1404,ACC1026,98954.67,0
TX002277,2026-09-21 10:53:48,ACC1059,ACC1000,63305.02,0
TX002278,2026-09-21 12:09:45,ACC1166,ACC1042,26477.41,0
TX002279,2026-09-21 10:53:54,ACC1459,ACC1313,32531.05,0
TX002280,2026-09-21 10:53:57,ACC1417,ACC1005,22006.03,0
TX002281,2026-09-21 09:38:00,ACC1090,ACC1131,53785.13,0
TX002282,2026-09-21 12:10:05,ACC1398,ACC1480,10733.63,0
TX002283,2026-09-21 10:54:06,ACC1195,ACC1484,87015.58,0
TX002284,2026-09-21 11:32:12,ACC1282,ACC1105,22141.84,0
TX002285,2026-09-21 11:32:16,ACC1297,ACC1322,15648.58,0
TX002286,2026-09-21 10:54:15,ACC1371,ACC1222,14918.59,0
TX002287,2026-09-21 11:32:24,ACC1253,ACC1092,18584.3,0
TX002288,2026-09-21 11:32:28,ACC1096,ACC1291,94341.17,0
TX002289,2026-09-21 10:54:24,ACC1144,ACC1010,16375.57,0
TX002290,2026-09-21 12:10:45,ACC1201,ACC1351,18866.02,0
TX002291,2026-09-21 11:32:40,ACC1218,ACC1125,90922.19,0
TX002292,2026-09-21 12:10:55,ACC1051,ACC1370,13815.4,0
TX002293,2026-09-21 09:38:12,ACC1006,ACC1308,37849.73,1
TX002294,2026-09-21 09:38:13,ACC1423,ACC1006,13304.69,0
TX002295,2026-09-21 12:11:10,ACC1137,ACC1073,1448.34,0
TX002296,2026-09-21 09:38:15,ACC1490,ACC1405,54282.78,0
TX002297,2026-09-21 09:38:16,ACC1436,ACC1362,20311.93,0
TX002298,2026-09-21 11:33:08,ACC1288,ACC1456,81564.95,0
TX002299,2026-09-21 10:16:36,ACC1245,ACC1079,5681.96,0
TX002300,2026-09-21 09:38:19,ACC1321,ACC1278,2218.67,0
TX002301,2026-09-21 09:38:20,ACC1278,ACC1151,51203.09,0
TX002302,2026-09-21 10:16:42,ACC1072,ACC1000,2497.69,0
TX002303,2026-09-21 10:55:06,ACC1075,ACC1180,22665.85,0
TX002304,2026-09-21 09:38:23,ACC1196,ACC1351,49232.88,0
TX002305,2026-09-21 10:55:12,ACC1114,ACC1052,35795.06,0
TX002306,2026-09-21 09:38:25,ACC1060,ACC1184,89569.09,0
TX002307,2026-09-21 12:12:10,ACC1091,ACC1219,33550.92,0
TX002308,2026-09-21 10:55:21,ACC1217,ACC1076,62513.35,0
TX002309,2026-09-21 10:55:24,ACC1448,ACC1053,91631.81,0
TX002310,2026-09-21 09:38:29,ACC1477,ACC1135,78906.73,0
TX002311,2026-09-21 10:17:00,ACC1076,ACC1398,32093.57,0
TX002312,2026-09-21 11:34:04,ACC1369,ACC1407,81483.51,0
TX002313,2026-09-21 10:55:36,ACC1218,ACC1491,14552.32,0
TX002314,2026-09-21 11:34:12,ACC1065,ACC1093,35325.61,0
TX002315,2026-09-21 11:34:16,ACC1246,ACC1355,60214.14,0
TX002316,2026-09-21 10:17:10,ACC1070,ACC1410,38380.2,0
TX002317,2026-09-21 11:34:24,ACC1275,ACC1273,53294.2,0
TX002318,2026-09-21 12:13:05,ACC1196,ACC1042,71520.61,0
TX002319,2026-09-21 10:17:16,ACC1397,ACC1355,70339.02,0
TX002320,2026-09-21 09:38:39,ACC1001,ACC1104,36303.6,0
TX002321,2026-09-21 09:38:40,ACC1068,ACC1471,6051.78,0
TX002322,2026-09-21 10:17:22,ACC1434,ACC1443,29540.26,0
TX002323,2026-09-21 11:34:48,ACC1436,ACC1282,24325.49,0
TX002324,2026-09-21 10:17:26,ACC1028,ACC1382,11811.86,0
TX002325,2026-09-21 09:38:44,ACC1073,ACC1193,69642.64,0
TX002326,2026-09-21 09:38:45,ACC1027,ACC1359,66308.46,1
TX002327,2026-09-21 10:17:32,ACC1428,ACC1304,3115.55,0
TX002328,2026-09-21 09:38:47,ACC1040,ACC1125,1346.52,0
TX002329,2026-09-21 10:17:36,ACC1213,ACC1076,47029.5,0
TX002330,2026-09-21 10:56:27,ACC1270,ACC1357,47071.43,0
TX002331,2026-09-21 09:38:50,ACC1227,ACC1400,28748.23,0
TX002332,2026-09-21 09:38:51,ACC1451,ACC1328,60456.94,0
TX002333,2026-09-21 11:35:28,ACC1082,ACC1005,83284.74,0
TX002334,2026-09-21 12:14:25,ACC1448,ACC1232,71169.54,0
TX002335,2026-09-21 10:56:42,ACC1292,ACC1256,70964.35,0
TX002336,2026-09-21 09:38:55,ACC1080,ACC1139,52197.95,0
TX002337,2026-09-21 10:17:52,ACC1064,ACC1380,40100.2,1
TX002338,2026-09-21 12:14:45,ACC1200,ACC1094,60547.83,1
TX002339,2026-09-21 11:35:52,ACC1354,ACC1239,31387.65,0
TX002340,2026-09-21 10:17:58,ACC1423,ACC1194,5561.7,0
TX002341,2026-09-21 10:57:00,ACC1217,ACC1099,10929.25,0
TX002342,2026-09-21 10:57:03,ACC1308,ACC1398,2902.08,0
TX002343,2026-09-21 09:39:02,ACC1277,ACC1054,21269.8,1
TX002344,2026-09-21 10:18:06,ACC1465,ACC1158,55213.97,0
TX002345,2026-09-21 10:57:12,ACC1016,ACC1123,8595.43,0
TX002346,2026-09-21 11:36:20,ACC1022,ACC1288,4663.49,0
TX002347,2026-09-21 09:39:06,ACC1483,ACC1158,98056.11,0
TX002348,2026-09-21 12:15:35,ACC1490,ACC1203,19568.88,0
TX002349,2026-09-21 10:18:16,ACC1371,ACC1182,70295.42,1
TX002350,2026-09-21 12:15:45,ACC1208,ACC1459,10190.19,0
TX002351,2026-09-21 12:15:50,ACC1076,ACC1012,79627.32,0
TX002352,2026-09-21 09:39:11,ACC1444,ACC1436,29082.93,0
TX002353,2026-09-21 09:39:12,ACC1237,ACC1040,95286.55,0
TX002354,2026-09-21 10:18:26,ACC1110,ACC1413,76905.69,0
TX002355,2026-09-21 12:16:10,ACC1493,ACC1256,99228.66,0
TX002356,2026-09-21 10:57:45,ACC1267,ACC1476,44803.27,0
TX002357,2026-09-21 12:16:20,ACC1148,ACC1184,85609.66,0
TX002358,2026-09-21 11:37:08,ACC1456,ACC1364,23987.15,0
TX002359,2026-09-21 10:18:36,ACC1310,ACC1038,56733.4,0
TX002360,2026-09-21 09:39:19,ACC1049,ACC1412,14347.99,0
TX002361,2026-09-21 09:39:20,ACC1280,ACC1444,49941.33,0
TX002362,2026-09-21 10:58:03,ACC1086,ACC1478,16231.1,0
TX002363,2026-09-21 09:39:22,ACC1186,ACC1180,7206.28,0
TX002364,2026-09-21 11:37:32,ACC1235,ACC1132,97850.53,0
TX002365,2026-09-21 10:18:48,ACC1226,ACC1332,93988.96,0
TX002366,2026-09-21 10:58:15,ACC1249,ACC1020,85914.43,0
TX002367,2026-09-21 10:18:52,ACC1438,ACC1317,44138.69,0
TX002368,2026-09-21 10:58:21,ACC1319,ACC1487,37430.94,0
TX002369,2026-09-21 10:58:24,ACC1259,ACC1230,87753.12,0
TX002370,2026-09-21 09:39:29,ACC1021,ACC1317,74130.15,0
TX002371,2026-09-21 09:39:30,ACC1420,ACC1287,15540.77,0
TX002372,2026-09-21 12:17:35,ACC1192,ACC1081,39988.11,0
TX002373,2026-09-21 11:38:08,ACC1198,ACC1447,66948.14,0
TX002374,2026-09-21 12:17:45,ACC1239,ACC1328,90022.64,0
TX002375,2026-09-21 09:39:34,ACC1043,ACC1092,91754.29,0
TX002376,2026-09-21 10:19:10,ACC1393,ACC1221,40211.9,0
TX002377,2026-09-21 11:38:24,ACC1175,ACC1309,21342.26,0
TX002378,2026-09-21 11:38:28,ACC1058,ACC1142,3924.41,0
TX002379,2026-09-21 10:19:16,ACC1240,ACC1074,32086.64,1
TX002380,2026-09-21 11:38:36,ACC1307,ACC1396,6333.79,0
TX002381,2026-09-21 11:38:40,ACC1404,ACC1220,21420.74,0
TX002382,2026-09-21 11:38:44,ACC1011,ACC1487,27057.83,0
TX002383,2026-09-21 09:39:42,ACC1042,ACC1072,27463.14,0
TX002384,2026-09-21 11:38:52,ACC1447,ACC1364,87141.78,0
TX002385,2026-09-21 10:59:12,ACC1342,ACC1457,18489.42,0
TX002386,2026-09-21 11:39:00,ACC1458,ACC1461,34267.71,0
TX002387,2026-09-21 10:59:18,ACC1084,ACC1101,94199.97,0
TX002388,2026-09-21 10:19:34,ACC1274,ACC1352,96562.42,0
TX002389,2026-09-21 12:19:00,ACC1467,ACC1354,38974.88,1
TX002390,2026-09-21 12:19:05,ACC1400,ACC1457,19936.14,0
TX002391,2026-09-21 10:19:40,ACC1296,ACC1315,32440.88,0
TX002392,2026-09-21 10:59:33,ACC1480,ACC1375,1517.26,0
TX002393,2026-09-21 11:39:28,ACC1478,ACC1075,86443.7,1
TX002394,2026-09-21 11:39:32,ACC1496,ACC1345,26353.99,0
TX002395,2026-09-21 10:19:48,ACC1230,ACC1482,63465.88,0
TX002396,2026-09-21 09:39:55,ACC1296,ACC1049,21940.41,0
TX002397,2026-09-21 12:19:40,ACC1215,ACC1356,77461.0,0
TX002398,2026-09-21 10:19:54,ACC1110,ACC1178,95242.45,0
TX002399,2026-09-21 09:39:58,ACC1295,ACC1489,37088.62,0
TX002400,2026-09-21 10:59:57,ACC1154,ACC1459,50258.31,0
TX002401,2026-09-21 11:40:00,ACC1358,ACC1255,41463.97,0
TX002402,2026-09-21 11:40:04,ACC1424,ACC1277,52364.67,0
TX002403,2026-09-21 10:20:04,ACC1058,ACC1474,45936.47,0
TX002404,2026-09-21 10:20:06,ACC1283,ACC1304,54322.01,0
TX002405,2026-09-21 11:40:16,ACC1432,ACC1337,63447.31,0
TX002406,2026-09-21 09:40:05,ACC1480,ACC1473,99536.79,0
TX002407,2026-09-21 09:40:06,ACC1053,ACC1045,61664.41,0
TX002408,2026-09-21 12:20:35,ACC1254,ACC1383,92730.17,1
TX002409,2026-09-21 12:20:40,ACC1227,ACC1257,80606.48,0
TX002410,2026-09-21 10:20:18,ACC1436,ACC1215,22365.65,0
TX002411,2026-09-21 10:20:20,ACC1195,ACC1058,85648.63,0
TX002412,2026-09-21 11:40:44,ACC1179,ACC1495,41352.18,0
TX002413,2026-09-21 11:40:48,ACC1360,ACC1401,859.75,0
TX002414,2026-09-21 11:00:39,ACC1114,ACC1259,26834.15,0
TX002415,2026-09-21 11:40:56,ACC1157,ACC1429,67362.75,1
TX002416,2026-09-21 09:40:15,ACC1465,ACC1212,1651.45,0
TX002417,2026-09-21 12:21:20,ACC1191,ACC1430,82021.44,0
TX002418,2026-09-21 12:21:25,ACC1171,ACC1087,99283.63,0
TX002419,2026-09-21 10:20:36,ACC1498,ACC1200,61665.16,0
TX002420,2026-09-21 12:21:35,ACC1026,ACC1410,42967.33,0
TX002421,2026-09-21 10:20:40,ACC1199,ACC1372,40371.59,0
TX002422,2026-09-21 10:20:42,ACC1081,ACC1223,10047.83,0
TX002423,2026-09-21 12:21:50,ACC1258,ACC1060,78449.7,0
TX002424,2026-09-21 11:01:09,ACC1321,ACC1469,83750.05,0
TX002425,2026-09-21 09:40:24,ACC1165,ACC1104,9417.21,0
TX002426,2026-09-21 12:22:05,ACC1321,ACC1394,15389.56,0
TX002427,2026-09-21 09:40:26,ACC1278,ACC1471,57222.2,1
TX002428,2026-09-21 11:41:48,ACC1375,ACC1066,63482.87,0
TX002429,2026-09-21 10:20:56,ACC1095,ACC1122,29762.56,0
TX002430,2026-09-21 11:41:56,ACC1125,ACC1371,77062.12,0
TX002431,2026-09-21 10:21:00,ACC1140,ACC1042,62781.06,0
TX002432,2026-09-21 09:40:31,ACC1296,ACC1443,11182.06,0
TX002433,2026-09-21 10:21:04,ACC1062,ACC1054,28318.06,0
TX002434,2026-09-21 11:42:12,ACC1047,ACC1039,84477.9,0
TX002435,2026-09-21 09:40:34,ACC1106,ACC1200,49154.59,1
TX002436,2026-09-21 09:40:35,ACC1037,ACC1249,21108.57,0
TX002437,2026-09-21 11:42:24,ACC1455,ACC1160,80874.05,0
TX002438,2026-09-21 10:21:14,ACC1005,ACC1462,66000.67,0
TX002439,2026-09-21 09:40:38,ACC1437,ACC1016,97594.0,0
TX002440,2026-09-21 12:23:15,ACC1247,ACC1314,54693.63,0
TX002441,2026-09-21 09:40:40,ACC1379,ACC1130,19365.24,1
TX002442,2026-09-21 12:23:25,ACC1011,ACC1265,76120.0,0
TX002443,2026-09-21 10:21:24,ACC1186,ACC1058,3046.81,0
TX002444,2026-09-21 10:21:26,ACC1042,ACC1372,26832.29,0
TX002445,2026-09-21 11:02:12,ACC1488,ACC1047,70837.55,0
TX002446,2026-09-21 11:43:00,ACC1239,ACC1381,43662.59,0
TX002447,2026-09-21 11:02:18,ACC1472,ACC1098,17378.66,0
TX002448,2026-09-21 11:02:21,ACC1454,ACC1367,96190.94,1
TX002449,2026-09-21 12:24:00,ACC1406,ACC1392,31227.35,0
TX002450,2026-09-21 11:43:16,ACC1488,ACC1369,43403.82,0
TX002451,2026-09-21 11:02:30,ACC1305,ACC1382,81607.63,0
TX002452,2026-09-21 11:43:24,ACC1310,ACC1196,20052.11,0
TX002453,2026-09-21 09:40:52,ACC1459,ACC1323,44995.4,0
TX002454,2026-09-21 11:02:39,ACC1490,ACC1261,58728.24,0
TX002455,2026-09-21 12:24:30,ACC1423,ACC1449,35290.11,1
TX002456,2026-09-21 11:02:45,ACC1092,ACC1414,42995.74,0
TX002457,2026-09-21 10:21:52,ACC1125,ACC1037,65729.77,0
TX002458,2026-09-21 09:40:57,ACC1399,ACC1160,1062.34,0
TX002459,2026-09-21 10:21:56,ACC1367,ACC1168,46591.13,0
TX002460,2026-09-21 12:24:55,ACC1460,ACC1119,6716.89,0
TX002461,2026-09-21 10:22:00,ACC1108,ACC1269,10381.73,0
TX002462,2026-09-21 09:41:01,ACC1311,ACC1484,57437.44,0
TX002463,2026-09-21 11:44:08,ACC1349,ACC1387,31846.55,0
TX002464,2026-09-21 11:44:12,ACC1100,ACC1025,49915.23,0
TX002465,2026-09-21 09:41:04,ACC1215,ACC1061,45333.23,0
TX002466,2026-09-21 10:22:10,ACC1302,ACC1196,57683.74,0
TX002467,2026-09-21 12:25:30,ACC1329,ACC1401,98796.68,0
TX002468,2026-09-21 11:44:28,ACC1145,ACC1067,3797.12,0
TX002469,2026-09-21 11:03:24,ACC1270,ACC1020,64513.09,1
TX002470,2026-09-21 11:44:36,ACC1048,ACC1424,72353.04,0
TX002471,2026-09-21 11:44:40,ACC1385,ACC1177,8068.74,0
TX002472,2026-09-21 09:41:11,ACC1252,ACC1313,39393.42,0
TX002473,2026-09-21 09:41:12,ACC1232,ACC1252,84323.26,0
TX002474,2026-09-21 10:22:26,ACC1052,ACC1014,4878.64,1
TX002475,2026-09-21 11:44:56,ACC1053,ACC1165,22711.49,0
TX002476,2026-09-21 11:03:45,ACC1370,ACC1461,81633.15,0
TX002477,2026-09-21 09:41:16,ACC1002,ACC1478,26042.8,0
TX002478,2026-09-21 11:03:51,ACC1056,ACC1024,7596.71,0
TX002479,2026-09-21 11:45:12,ACC1313,ACC1405,27064.21,0
TX002480,2026-09-21 11:45:16,ACC1070,ACC1298,12078.15,0
TX002481,2026-09-21 12:26:40,ACC1075,ACC1385,88791.06,0
TX002482,2026-09-21 11:45:24,ACC1211,ACC1326,66856.7,0
TX002483,2026-09-21 11:45:28,ACC1123,ACC1295,66160.77,0
TX002484,2026-09-21 11:45:32,ACC1164,ACC1395,22660.47,0
TX002485,2026-09-21 09:41:24,ACC1151,ACC1364,35365.67,0
TX002486,2026-09-21 10:22:50,ACC1124,ACC1337,69527.01,1
TX002487,2026-09-21 10:22:52,ACC1253,ACC1030,1411.5,0
TX002488,2026-09-21 10:22:54,ACC1419,ACC1197,48815.79,0
TX002489,2026-09-21 12:27:20,ACC1416,ACC1302,51441.34,0
TX002490,2026-09-21 11:45:56,ACC1483,ACC1159,65563.4,0
TX002491,2026-09-21 10:23:00,ACC1054,ACC1468,21956.6,0
TX002492,2026-09-21 12:27:35,ACC1499,ACC1231,51395.06,0
TX002493,2026-09-21 11:04:36,ACC1096,ACC1035,42367.09,0
TX002494,2026-09-21 12:27:45,ACC1487,ACC1445,64873.46,0
TX002495,2026-09-21 09:41:34,ACC1448,ACC1054,24132.19,0
TX002496,2026-09-21 09:41:35,ACC1095,ACC1136,47676.42,0
TX002497,2026-09-21 09:41:36,ACC1180,ACC1135,92700.08,1
TX002498,2026-09-21 10:23:14,ACC1220,ACC1108,39753.11,0
TX002499,2026-09-21 11:46:32,ACC1170,ACC1027,27331.63,0
TX002500,2026-09-21 11:46:36,ACC1332,ACC1195,19473.77,0
